decision_time,signal_time,signal,side,entry_time,entry_price,exit_time,exit_price,units,allocation_usd,gross_pnl,fee_usd,slippage_usd,net_pnl,capital_after,median_pred,low_pred,high_pred,median_ret,low_ret,high_ret,p_pos,predict_on_returns,exit_reason
2025-08-04 00:00:00,2025-07-28 01:00:00,STRONG_BUY,LONG,2025-08-04 01:00:00,114899.86,2025-08-04 04:00:00,114417.96142857143,0.0005221938477557762,60.0,-0.25164446924229483,0.11974835553075769,0.059874177765378844,-0.43126700253843137,999.5687329974616,120456.7382605082,120456.7382605082,120456.7382605082,0.04836270276466109,0.04836270276466109,0.04836270276466109,1.0,False,trailing_sl
2025-08-04 01:00:00,2025-07-28 01:00:00,HOLD,NONE,,,,,0.0,0.0,0.0,0.0,0.0,0.0,999.5687329974616,120120.27854135186,120120.27854135186,120120.27854135186,0.04751221258755716,0.04751221258755716,0.04751221258755716,1.0,False,none
2025-08-04 02:00:00,2025-07-28 01:00:00,HOLD,NONE,,,,,0.0,0.0,0.0,0.0,0.0,0.0,999.5687329974616,116923.91622797442,116923.91622797442,116923.91622797442,0.018519643895702147,0.018519643895702147,0.018519643895702147,1.0,False,none
2025-08-04 03:00:00,2025-07-28 01:00:00,STRONG_BUY,NONE,,,,,0.0,0.0,0.0,0.0,0.0,0.0,999.5687329974616,120456.7382605082,120456.7382605082,120456.7382605082,0.05137555137838748,0.05137555137838748,0.05137555137838748,1.0,False,none
2025-08-04 04:00:00,2025-07-28 01:00:00,STRONG_BUY,NONE,,,,,0.0,0.0,0.0,0.0,0.0,0.0,999.5687329974616,117359.96084561493,117359.96084561493,117359.96084561493,0.026021319023713865,0.026021319023713865,0.026021319023713865,1.0,False,none
2025-08-04 05:00:00,2025-07-28 01:00:00,STRONG_BUY,NONE,,,,,0.0,0.0,0.0,0.0,0.0,0.0,999.5687329974616,116881.65456213956,116881.65456213956,116881.65456213956,0.02177084649770943,0.02177084649770943,0.02177084649770943,1.0,False,none
2025-08-04 06:00:00,2025-07-28 01:00:00,STRONG_BUY,NONE,,,,,0.0,0.0,0.0,0.0,0.0,0.0,999.5687329974616,117981.01761429232,117981.01761429232,117981.01761429232,0.03108845238342387,0.03108845238342387,0.03108845238342387,1.0,False,none
2025-08-04 07:00:00,2025-07-28 01:00:00,STRONG_BUY,NONE,,,,,0.0,0.0,0.0,0.0,0.0,0.0,999.5687329974616,119621.90776765575,119621.90776765575,119621.90776765575,0.04333893633680618,0.04333893633680618,0.04333893633680618,1.0,False,none
2025-08-04 08:00:00,2025-07-28 01:00:00,STRONG_BUY,NONE,,,,,0.0,0.0,0.0,0.0,0.0,0.0,999.5687329974616,118277.869143366,118277.869143366,118277.869143366,0.032577401210131265,0.032577401210131265,0.032577401210131265,1.0,False,none
2025-08-04 09:00:00,2025-07-28 01:00:00,STRONG_BUY,NONE,,,,,0.0,0.0,0.0,0.0,0.0,0.0,999.5687329974616,116523.04357678798,116523.04357678798,116523.04357678798,0.01921807037973527,0.01921807037973527,0.01921807037973527,1.0,False,none
2025-08-04 10:00:00,2025-07-28 01:00:00,STRONG_BUY,NONE,,,,,0.0,0.0,0.0,0.0,0.0,0.0,999.5687329974616,116523.04357678798,116523.04357678798,116523.04357678798,0.019879012675665508,0.019879012675665508,0.019879012675665508,1.0,False,none
2025-08-04 11:00:00,2025-07-28 01:00:00,STRONG_BUY,NONE,,,,,0.0,0.0,0.0,0.0,0.0,0.0,999.5687329974616,120456.7382605082,120456.7382605082,120456.7382605082,0.0520874077248522,0.0520874077248522,0.0520874077248522,1.0,False,none
2025-08-04 12:00:00,2025-07-28 01:00:00,STRONG_BUY,LONG,2025-08-04 13:00:00,114444.36,2025-08-04 13:00:00,114317.30785714286,0.0005240461301880468,59.97412397984769,-0.06658118379638173,0.11988166677589901,0.059940833387949505,-0.24640368396023024,999.3223293135013,118237.02100312074,118237.02100312074,118237.02100312074,0.03313978079060199,0.03313978079060199,0.03313978079060199,1.0,False,trailing_sl
2025-08-04 13:00:00,2025-07-28 01:00:00,STRONG_BUY,NONE,,,,,0.0,0.0,0.0,0.0,0.0,0.0,999.3223293135013,119215.3521936784,119215.3521936784,119215.3521936784,0.03743213782076099,0.03743213782076099,0.03743213782076099,1.0,False,none
2025-08-04 14:00:00,2025-07-28 01:00:00,STRONG_BUY,NONE,,,,,0.0,0.0,0.0,0.0,0.0,0.0,999.3223293135013,120456.7382605082,120456.7382605082,120456.7382605082,0.049852874209196006,0.049852874209196006,0.049852874209196006,1.0,False,none
2025-08-04 15:00:00,2025-07-28 01:00:00,STRONG_BUY,NONE,,,,,0.0,0.0,0.0,0.0,0.0,0.0,999.3223293135013,119642.30374005137,119642.30374005137,119642.30374005137,0.041944365736430525,0.041944365736430525,0.041944365736430525,1.0,False,none
2025-08-04 16:00:00,2025-07-28 01:00:00,STRONG_BUY,NONE,,,,,0.0,0.0,0.0,0.0,0.0,0.0,999.3223293135013,120456.7382605082,120456.7382605082,120456.7382605082,0.04471546873408032,0.04471546873408032,0.04471546873408032,1.0,False,none
2025-08-04 17:00:00,2025-07-28 01:00:00,STRONG_BUY,NONE,,,,,0.0,0.0,0.0,0.0,0.0,0.0,999.3223293135013,117760.4592883153,117760.4592883153,117760.4592883153,0.022284688753595287,0.022284688753595287,0.022284688753595287,1.0,False,none
2025-08-04 18:00:00,2025-07-28 01:00:00,STRONG_BUY,NONE,,,,,0.0,0.0,0.0,0.0,0.0,0.0,999.3223293135013,120456.7382605082,120456.7382605082,120456.7382605082,0.047835865980792536,0.047835865980792536,0.047835865980792536,1.0,False,none
2025-08-04 19:00:00,2025-07-28 01:00:00,STRONG_BUY,NONE,,,,,0.0,0.0,0.0,0.0,0.0,0.0,999.3223293135013,120253.61109192221,120253.61109192221,120253.61109192221,0.047709571708510916,0.047709571708510916,0.047709571708510916,1.0,False,none
2025-08-04 20:00:00,2025-07-28 01:00:00,STRONG_BUY,NONE,,,,,0.0,0.0,0.0,0.0,0.0,0.0,999.3223293135013,117234.98206403962,117234.98206403962,117234.98206403962,0.021104265305109456,0.021104265305109456,0.021104265305109456,1.0,False,none
2025-08-04 21:00:00,2025-07-28 01:00:00,STRONG_BUY,NONE,,,,,0.0,0.0,0.0,0.0,0.0,0.0,999.3223293135013,120270.2332123917,120270.2332123917,120270.2332123917,0.044818819910329266,0.044818819910329266,0.044818819910329266,1.0,False,none
2025-08-04 22:00:00,2025-07-28 01:00:00,STRONG_BUY,NONE,,,,,0.0,0.0,0.0,0.0,0.0,0.0,999.3223293135013,118086.91486446469,118086.91486446469,118086.91486446469,0.023941155831325,0.023941155831325,0.023941155831325,1.0,False,none
2025-08-04 23:00:00,2025-07-28 01:00:00,STRONG_BUY,NONE,,,,,0.0,0.0,0.0,0.0,0.0,0.0,999.3223293135013,116523.04357678798,116523.04357678798,116523.04357678798,0.012759229881457454,0.012759229881457454,0.012759229881457454,1.0,False,none
2025-08-05 00:00:00,2025-07-29 01:00:00,STRONG_BUY,LONG,2025-08-05 01:00:00,114886.97,2025-08-05 03:00:00,114370.86464285714,0.0005218985212927982,59.959339758810074,-0.2693546227241521,0.11964932489489599,0.059824662447447996,-0.4488286100664961,998.8735007034348,121297.98931646284,121297.98931646284,121297.98931646284,0.05580293286951659,0.05580293286951659,0.05580293286951659,1.0,False,trailing_sl
2025-08-05 01:00:00,2025-07-29 01:00:00,HOLD,NONE,,,,,0.0,0.0,0.0,0.0,0.0,0.0,998.8735007034348,120723.36587309242,120723.36587309242,120723.36587309242,0.052439673821601814,0.052439673821601814,0.052439673821601814,1.0,False,none
2025-08-05 02:00:00,2025-07-29 01:00:00,STRONG_BUY,NONE,,,,,0.0,0.0,0.0,0.0,0.0,0.0,998.8735007034348,116669.72845446605,116669.72845446605,116669.72845446605,0.017002012429699443,0.017002012429699443,0.017002012429699443,1.0,False,none
2025-08-05 03:00:00,2025-07-29 01:00:00,STRONG_BUY,NONE,,,,,0.0,0.0,0.0,0.0,0.0,0.0,998.8735007034348,121297.98931646284,121297.98931646284,121297.98931646284,0.061625533317808415,0.061625533317808415,0.061625533317808415,1.0,False,none
2025-08-05 04:00:00,2025-07-29 01:00:00,STRONG_BUY,NONE,,,,,0.0,0.0,0.0,0.0,0.0,0.0,998.8735007034348,117038.83144531328,117038.83144531328,117038.83144531328,0.02362093116949229,0.02362093116949229,0.02362093116949229,1.0,False,none
2025-08-05 05:00:00,2025-07-29 01:00:00,STRONG_BUY,NONE,,,,,0.0,0.0,0.0,0.0,0.0,0.0,998.8735007034348,116633.95480510368,116633.95480510368,116633.95480510368,0.019474197156142597,0.019474197156142597,0.019474197156142597,1.0,False,none
2025-08-05 06:00:00,2025-07-29 01:00:00,STRONG_BUY,NONE,,,,,0.0,0.0,0.0,0.0,0.0,0.0,998.8735007034348,117564.54349754579,117564.54349754579,117564.54349754579,0.02965452902654188,0.02965452902654188,0.02965452902654188,1.0,False,none
2025-08-05 07:00:00,2025-07-29 01:00:00,STRONG_BUY,NONE,,,,,0.0,0.0,0.0,0.0,0.0,0.0,998.8735007034348,119872.22229259332,119872.22229259332,119872.22229259332,0.051790276648910366,0.051790276648910366,0.051790276648910366,1.0,False,none
2025-08-05 08:00:00,2025-07-29 01:00:00,STRONG_BUY,NONE,,,,,0.0,0.0,0.0,0.0,0.0,0.0,998.8735007034348,117815.82234100811,117815.82234100811,117815.82234100811,0.03093015949539959,0.03093015949539959,0.03093015949539959,1.0,False,none
2025-08-05 09:00:00,2025-07-29 01:00:00,STRONG_BUY,NONE,,,,,0.0,0.0,0.0,0.0,0.0,0.0,998.8735007034348,116330.39782517769,116330.39782517769,116330.39782517769,0.014260789465688681,0.014260789465688681,0.014260789465688681,1.0,False,none
2025-08-05 10:00:00,2025-07-29 01:00:00,STRONG_BUY,NONE,,,,,0.0,0.0,0.0,0.0,0.0,0.0,998.8735007034348,116330.39782517769,116330.39782517769,116330.39782517769,0.012966835225504578,0.012966835225504578,0.012966835225504578,1.0,False,none
2025-08-05 11:00:00,2025-07-29 01:00:00,STRONG_BUY,NONE,,,,,0.0,0.0,0.0,0.0,0.0,0.0,998.8735007034348,121297.98931646284,121297.98931646284,121297.98931646284,0.05635360474200759,0.05635360474200759,0.05635360474200759,1.0,False,none
2025-08-05 12:00:00,2025-07-29 01:00:00,STRONG_BUY,LONG,2025-08-05 13:00:00,113937.35,2025-08-05 14:00:00,113836.58428571429,0.0005260119709841073,59.93241004220608,-0.053003971979053315,0.1198118161124331,0.05990590805621655,-0.232721696147703,998.6407790072872,117781.24521260172,117781.24521260172,117781.24521260172,0.033736919566776914,0.033736919566776914,0.033736919566776914,1.0,False,trailing_sl
2025-08-05 13:00:00,2025-07-29 01:00:00,STRONG_BUY,NONE,,,,,0.0,0.0,0.0,0.0,0.0,0.0,998.6407790072872,119177.88549523136,119177.88549523136,119177.88549523136,0.041933865446789426,0.041933865446789426,0.041933865446789426,1.0,False,none
2025-08-05 14:00:00,2025-07-29 01:00:00,STRONG_BUY,NONE,,,,,0.0,0.0,0.0,0.0,0.0,0.0,998.6407790072872,121297.98931646284,121297.98931646284,121297.98931646284,0.07308103140333767,0.07308103140333767,0.07308103140333767,1.0,False,none
2025-08-05 15:00:00,2025-07-29 01:00:00,STRONG_BUY,NONE,,,,,0.0,0.0,0.0,0.0,0.0,0.0,998.6407790072872,119907.05559721074,119907.05559721074,119907.05559721074,0.06174451978333132,0.06174451978333132,0.06174451978333132,1.0,False,none
2025-08-05 16:00:00,2025-07-29 01:00:00,STRONG_BUY,NONE,,,,,0.0,0.0,0.0,0.0,0.0,0.0,998.6407790072872,121297.98931646284,121297.98931646284,121297.98931646284,0.07176679413919264,0.07176679413919264,0.07176679413919264,1.0,False,none
2025-08-05 17:00:00,2025-07-29 01:00:00,STRONG_BUY,NONE,,,,,0.0,0.0,0.0,0.0,0.0,0.0,998.6407790072872,117377.84531465138,117377.84531465138,117377.84531465138,0.032891895333794705,0.032891895333794705,0.032891895333794705,1.0,False,none
2025-08-05 18:00:00,2025-07-29 01:00:00,STRONG_BUY,NONE,,,,,0.0,0.0,0.0,0.0,0.0,0.0,998.6407790072872,121297.98931646284,121297.98931646284,121297.98931646284,0.06734391170924575,0.06734391170924575,0.06734391170924575,1.0,False,none
2025-08-05 19:00:00,2025-07-29 01:00:00,STRONG_BUY,NONE,,,,,0.0,0.0,0.0,0.0,0.0,0.0,998.6407790072872,120951.07815173964,120951.07815173964,120951.07815173964,0.06455538465479875,0.06455538465479875,0.06455538465479875,1.0,False,none
2025-08-05 20:00:00,2025-07-29 01:00:00,STRONG_BUY,NONE,,,,,0.0,0.0,0.0,0.0,0.0,0.0,998.6407790072872,116933.03942264941,116933.03942264941,116933.03942264941,0.028518859831637988,0.028518859831637988,0.028518859831637988,1.0,False,none
2025-08-05 21:00:00,2025-07-29 01:00:00,STRONG_BUY,NONE,,,,,0.0,0.0,0.0,0.0,0.0,0.0,998.6407790072872,120979.46627535888,120979.46627535888,120979.46627535888,0.06489887751486538,0.06489887751486538,0.06489887751486538,1.0,False,none
2025-08-05 22:00:00,2025-07-29 01:00:00,STRONG_BUY,NONE,,,,,0.0,0.0,0.0,0.0,0.0,0.0,998.6407790072872,117654.18338800617,117654.18338800617,117654.18338800617,0.03240516744074126,0.03240516744074126,0.03240516744074126,1.0,False,none
2025-08-05 23:00:00,2025-07-29 01:00:00,STRONG_BUY,NONE,,,,,0.0,0.0,0.0,0.0,0.0,0.0,998.6407790072872,116330.39782517769,116330.39782517769,116330.39782517769,0.01928198235059383,0.01928198235059383,0.01928198235059383,1.0,False,none
2025-08-06 00:00:00,2025-07-30 01:00:00,STRONG_BUY,LONG,2025-08-06 01:00:00,113879.69,2025-08-06 05:00:00,113746.57035714286,0.000526155688871626,59.918446740437226,-0.07004165738984439,0.1197668518234846,0.0598834259117423,-0.24969193512507126,998.3910870721621,117968.11638278163,117968.11638278163,117968.11638278163,0.03590118680310571,0.03590118680310571,0.03590118680310571,1.0,False,trailing_sl
2025-08-06 01:00:00,2025-07-30 01:00:00,HOLD,NONE,,,,,0.0,0.0,0.0,0.0,0.0,0.0,998.3910870721621,118063.27844414856,118063.27844414856,118063.27844414856,0.03726957782427853,0.03726957782427853,0.03726957782427853,1.0,False,none
2025-08-06 02:00:00,2025-07-30 01:00:00,HOLD,NONE,,,,,0.0,0.0,0.0,0.0,0.0,0.0,998.3910870721621,118365.81431495782,118365.81431495782,118365.81431495782,0.04173965774740254,0.04173965774740254,0.04173965774740254,1.0,False,none
2025-08-06 03:00:00,2025-07-30 01:00:00,HOLD,NONE,,,,,0.0,0.0,0.0,0.0,0.0,0.0,998.3910870721621,117968.11638278163,117968.11638278163,117968.11638278163,0.03927537275167664,0.03927537275167664,0.03927537275167664,1.0,False,none
2025-08-06 04:00:00,2025-07-30 01:00:00,STRONG_BUY,NONE,,,,,0.0,0.0,0.0,0.0,0.0,0.0,998.3910870721621,118403.25343661297,118403.25343661297,118403.25343661297,0.04385152146094434,0.04385152146094434,0.04385152146094434,1.0,False,none
2025-08-06 05:00:00,2025-07-30 01:00:00,STRONG_BUY,NONE,,,,,0.0,0.0,0.0,0.0,0.0,0.0,998.3910870721621,118362.18569626944,118362.18569626944,118362.18569626944,0.0369185209297074,0.0369185209297074,0.0369185209297074,1.0,False,none
2025-08-06 06:00:00,2025-07-30 01:00:00,STRONG_BUY,NONE,,,,,0.0,0.0,0.0,0.0,0.0,0.0,998.3910870721621,118456.57784190682,118456.57784190682,118456.57784190682,0.0383192402529136,0.0383192402529136,0.0383192402529136,1.0,False,none
2025-08-06 07:00:00,2025-07-30 01:00:00,STRONG_BUY,NONE,,,,,0.0,0.0,0.0,0.0,0.0,0.0,998.3910870721621,118204.23436680362,118204.23436680362,118204.23436680362,0.034810444897430196,0.034810444897430196,0.034810444897430196,1.0,False,none
2025-08-06 08:00:00,2025-07-30 01:00:00,STRONG_BUY,NONE,,,,,0.0,0.0,0.0,0.0,0.0,0.0,998.3910870721621,118482.06573938539,118482.06573938539,118482.06573938539,0.03978864908451742,0.03978864908451742,0.03978864908451742,1.0,False,none
2025-08-06 09:00:00,2025-07-30 01:00:00,STRONG_BUY,NONE,,,,,0.0,0.0,0.0,0.0,0.0,0.0,998.3910870721621,118331.39508502396,118331.39508502396,118331.39508502396,0.037147235263676824,0.037147235263676824,0.037147235263676824,1.0,False,none
2025-08-06 10:00:00,2025-07-30 01:00:00,STRONG_BUY,NONE,,,,,0.0,0.0,0.0,0.0,0.0,0.0,998.3910870721621,118331.39508502396,118331.39508502396,118331.39508502396,0.03738318364108145,0.03738318364108145,0.03738318364108145,1.0,False,none
2025-08-06 11:00:00,2025-07-30 01:00:00,STRONG_BUY,NONE,,,,,0.0,0.0,0.0,0.0,0.0,0.0,998.3910870721621,117968.11638278163,117968.11638278163,117968.11638278163,0.03275439726723791,0.03275439726723791,0.03275439726723791,1.0,False,none
2025-08-06 12:00:00,2025-07-30 01:00:00,STRONG_BUY,LONG,2025-08-06 13:00:00,113914.31,2025-08-06 13:00:00,113726.86964285714,0.000525864267837199,59.90346522432972,-0.09856818617207089,0.11970836226248738,0.05985418113124369,-0.278130729565802,998.1129563425964,118478.55848707644,118478.55848707644,118478.55848707644,0.04006738474803074,0.04006738474803074,0.04006738474803074,1.0,False,trailing_sl
2025-08-06 13:00:00,2025-07-30 01:00:00,STRONG_BUY,NONE,,,,,0.0,0.0,0.0,0.0,0.0,0.0,998.1129563425964,118319.22188024776,118319.22188024776,118319.22188024776,0.03543474832519832,0.03543474832519832,0.03543474832519832,1.0,False,none
2025-08-06 14:00:00,2025-07-30 01:00:00,STRONG_BUY,NONE,,,,,0.0,0.0,0.0,0.0,0.0,0.0,998.1129563425964,117968.11638278163,117968.11638278163,117968.11638278163,0.02413582446274444,0.02413582446274444,0.02413582446274444,1.0,False,none
2025-08-06 15:00:00,2025-07-30 01:00:00,STRONG_BUY,NONE,,,,,0.0,0.0,0.0,0.0,0.0,0.0,998.1129563425964,118198.46570367327,118198.46570367327,118198.46570367327,0.02412704559402845,0.02412704559402845,0.02412704559402845,1.0,False,none
2025-08-06 16:00:00,2025-07-30 01:00:00,STRONG_BUY,NONE,,,,,0.0,0.0,0.0,0.0,0.0,0.0,998.1129563425964,117968.11638278163,117968.11638278163,117968.11638278163,0.024629245687135135,0.024629245687135135,0.024629245687135135,1.0,False,none
2025-08-06 17:00:00,2025-07-30 01:00:00,STRONG_BUY,NONE,,,,,0.0,0.0,0.0,0.0,0.0,0.0,998.1129563425964,118437.64053672233,118437.64053672233,118437.64053672233,0.025434117201059172,0.025434117201059172,0.025434117201059172,1.0,False,none
2025-08-06 18:00:00,2025-07-30 01:00:00,STRONG_BUY,NONE,,,,,0.0,0.0,0.0,0.0,0.0,0.0,998.1129563425964,117968.11638278163,117968.11638278163,117968.11638278163,0.022048391846819324,0.022048391846819324,0.022048391846819324,1.0,False,none
2025-08-06 19:00:00,2025-07-30 01:00:00,STRONG_BUY,NONE,,,,,0.0,0.0,0.0,0.0,0.0,0.0,998.1129563425964,118025.56753958203,118025.56753958203,118025.56753958203,0.023994254550794458,0.023994254550794458,0.023994254550794458,1.0,False,none
2025-08-06 20:00:00,2025-07-30 01:00:00,STRONG_BUY,NONE,,,,,0.0,0.0,0.0,0.0,0.0,0.0,998.1129563425964,118392.5226636177,118392.5226636177,118392.5226636177,0.029091781866898186,0.029091781866898186,0.029091781866898186,1.0,False,none
2025-08-06 21:00:00,2025-07-30 01:00:00,STRONG_BUY,NONE,,,,,0.0,0.0,0.0,0.0,0.0,0.0,998.1129563425964,118020.86624799167,118020.86624799167,118020.86624799167,0.025833270443994874,0.025833270443994874,0.025833270443994874,1.0,False,none
2025-08-06 22:00:00,2025-07-30 01:00:00,STRONG_BUY,NONE,,,,,0.0,0.0,0.0,0.0,0.0,0.0,998.1129563425964,118465.67026014054,118465.67026014054,118465.67026014054,0.029181630049245132,0.029181630049245132,0.029181630049245132,1.0,False,none
2025-08-06 23:00:00,2025-07-30 01:00:00,STRONG_BUY,NONE,,,,,0.0,0.0,0.0,0.0,0.0,0.0,998.1129563425964,118331.39508502396,118331.39508502396,118331.39508502396,0.02903782215121033,0.02903782215121033,0.02903782215121033,1.0,False,none
2025-08-07 00:00:00,2025-07-31 01:00:00,STRONG_BUY,LONG,2025-08-07 01:00:00,114890.66,2025-08-07 02:00:00,114436.53678571428,0.0005212501815252499,59.88677738055577,-0.23671180788126092,0.11953684295323028,0.05976842147661514,-0.41601707231110635,997.6969392702853,117607.97432899845,117607.97432899845,117607.97432899845,0.02365139660188582,0.02365139660188582,0.02365139660188582,1.0,False,trailing_sl
2025-08-07 01:00:00,2025-07-31 01:00:00,STRONG_BUY,NONE,,,,,0.0,0.0,0.0,0.0,0.0,0.0,997.6969392702853,117443.59083965156,117443.59083965156,117443.59083965156,0.023353520708172724,0.023353520708172724,0.023353520708172724,1.0,False,none
2025-08-07 02:00:00,2025-07-31 01:00:00,HOLD,NONE,,,,,0.0,0.0,0.0,0.0,0.0,0.0,997.6969392702853,115547.88108948457,115547.88108948457,115547.88108948457,0.008576779016160635,0.008576779016160635,0.008576779016160635,0.0,False,none
2025-08-07 03:00:00,2025-07-31 01:00:00,STRONG_BUY,NONE,,,,,0.0,0.0,0.0,0.0,0.0,0.0,997.6969392702853,117607.97432899845,117607.97432899845,117607.97432899845,0.02673112572298183,0.02673112572298183,0.02673112572298183,1.0,False,none
2025-08-07 04:00:00,2025-07-31 01:00:00,STRONG_BUY,NONE,,,,,0.0,0.0,0.0,0.0,0.0,0.0,997.6969392702853,115850.20722267387,115850.20722267387,115850.20722267387,0.0131231546514982,0.0131231546514982,0.0131231546514982,1.0,False,none
2025-08-07 05:00:00,2025-07-31 01:00:00,HOLD,NONE,,,,,0.0,0.0,0.0,0.0,0.0,0.0,997.6969392702853,115518.57948708633,115518.57948708633,115518.57948708633,0.008290652144667537,0.008290652144667537,0.008290652144667537,0.0,False,none
2025-08-07 06:00:00,2025-07-31 01:00:00,STRONG_BUY,NONE,,,,,0.0,0.0,0.0,0.0,0.0,0.0,997.6969392702853,116280.80923854388,116280.80923854388,116280.80923854388,0.014224152606213333,0.014224152606213333,0.014224152606213333,1.0,False,none
2025-08-07 07:00:00,2025-07-31 01:00:00,STRONG_BUY,NONE,,,,,0.0,0.0,0.0,0.0,0.0,0.0,997.6969392702853,117200.10277227129,117200.10277227129,117200.10277227129,0.0210136336760604,0.0210136336760604,0.0210136336760604,1.0,False,none
2025-08-07 08:00:00,2025-07-31 01:00:00,STRONG_BUY,NONE,,,,,0.0,0.0,0.0,0.0,0.0,0.0,997.6969392702853,116486.62756833273,116486.62756833273,116486.62756833273,0.013378898875557231,0.013378898875557231,0.013378898875557231,1.0,False,none
2025-08-07 09:00:00,2025-07-31 01:00:00,HOLD,NONE,,,,,0.0,0.0,0.0,0.0,0.0,0.0,997.6969392702853,115269.94100346691,115269.94100346691,115269.94100346691,0.0018055540526988956,0.0018055540526988956,0.0018055540526988956,0.0,False,none
2025-08-07 10:00:00,2025-07-31 01:00:00,HOLD,NONE,,,,,0.0,0.0,0.0,0.0,0.0,0.0,997.6969392702853,115269.94100346691,115269.94100346691,115269.94100346691,-0.00925917264317178,-0.00925917264317178,-0.00925917264317178,0.0,False,none
2025-08-07 11:00:00,2025-07-31 01:00:00,HOLD,NONE,,,,,0.0,0.0,0.0,0.0,0.0,0.0,997.6969392702853,117607.97432899845,117607.97432899845,117607.97432899845,0.00934130380545174,0.00934130380545174,0.00934130380545174,0.0,False,none
2025-08-07 12:00:00,2025-07-31 01:00:00,HOLD,NONE,,,,,0.0,0.0,0.0,0.0,0.0,0.0,997.6969392702853,116458.3060163889,116458.3060163889,116458.3060163889,0.0005868718651851723,0.0005868718651851723,0.0005868718651851723,0.0,False,none
2025-08-07 13:00:00,2025-07-31 01:00:00,HOLD,NONE,,,,,0.0,0.0,0.0,0.0,0.0,0.0,997.6969392702853,117001.4726835599,117001.4726835599,117001.4726835599,0.00309904564094564,0.00309904564094564,0.00309904564094564,0.0,False,none
2025-08-07 14:00:00,2025-07-31 01:00:00,STRONG_BUY,LONG,2025-08-07 15:00:00,116363.16,2025-08-07 16:00:00,116096.69892857142,0.0005144395902983136,59.86181635621711,-0.13707812441616885,0.11958655458801806,0.05979327729400903,-0.3164579562981959,997.380481313987,117607.97432899845,117607.97432899845,117607.97432899845,0.010697666933404383,0.010697666933404383,0.010697666933404383,1.0,False,trailing_sl
2025-08-07 15:00:00,2025-07-31 01:00:00,HOLD,NONE,,,,,0.0,0.0,0.0,0.0,0.0,0.0,997.380481313987,117210.06759397246,117210.06759397246,117210.06759397246,0.004458466373134577,0.004458466373134577,0.004458466373134577,0.0,False,none
2025-08-07 16:00:00,2025-07-31 01:00:00,STRONG_BUY,NONE,,,,,0.0,0.0,0.0,0.0,0.0,0.0,997.380481313987,117607.97432899845,117607.97432899845,117607.97432899845,0.01160109363349048,0.01160109363349048,0.01160109363349048,1.0,False,none
2025-08-07 17:00:00,2025-07-31 01:00:00,HOLD,NONE,,,,,0.0,0.0,0.0,0.0,0.0,0.0,997.380481313987,116127.88785587401,116127.88785587401,116127.88785587401,-0.0032928252783027577,-0.0032928252783027577,-0.0032928252783027577,0.0,False,none
2025-08-07 18:00:00,2025-07-31 01:00:00,HOLD,NONE,,,,,0.0,0.0,0.0,0.0,0.0,0.0,997.380481313987,117607.97432899845,117607.97432899845,117607.97432899845,0.008981768172116194,0.008981768172116194,0.008981768172116194,0.0,False,none
2025-08-07 19:00:00,2025-07-31 01:00:00,HOLD,NONE,,,,,0.0,0.0,0.0,0.0,0.0,0.0,997.380481313987,117508.73287199122,117508.73287199122,117508.73287199122,0.0003980255738173534,0.0003980255738173534,0.0003980255738173534,0.0,False,none
2025-08-07 20:00:00,2025-07-31 01:00:00,STRONG_SELL,NONE,,,,,0.0,0.0,0.0,0.0,0.0,0.0,997.380481313987,115763.55473291528,115763.55473291528,115763.55473291528,-0.012106236170229677,-0.012106236170229677,-0.012106236170229677,0.0,False,none
2025-08-07 21:00:00,2025-07-31 01:00:00,HOLD,NONE,,,,,0.0,0.0,0.0,0.0,0.0,0.0,997.380481313987,117516.85390998641,117516.85390998641,117516.85390998641,0.0035102785702500333,0.0035102785702500333,0.0035102785702500333,0.0,False,none
2025-08-07 22:00:00,2025-07-31 01:00:00,STRONG_SELL,NONE,,,,,0.0,0.0,0.0,0.0,0.0,0.0,997.380481313987,116354.23178491823,116354.23178491823,116354.23178491823,-0.010208039430667589,-0.010208039430667589,-0.010208039430667589,0.0,False,none
2025-08-07 23:00:00,2025-07-31 01:00:00,STRONG_SELL,NONE,,,,,0.0,0.0,0.0,0.0,0.0,0.0,997.380481313987,115269.94100346691,115269.94100346691,115269.94100346691,-0.018745478148650747,-0.018745478148650747,-0.018745478148650747,0.0,False,none
2025-08-08 00:00:00,2025-08-01 01:00:00,STRONG_BUY,NONE,,,,,0.0,0.0,0.0,0.0,0.0,0.0,997.380481313987,119047.0228249586,119047.0228249586,119047.0228249586,0.015204163259474525,0.015204163259474525,0.015204163259474525,1.0,False,none
2025-08-08 01:00:00,2025-08-01 01:00:00,STRONG_BUY,NONE,,,,,0.0,0.0,0.0,0.0,0.0,0.0,997.380481313987,118631.64729290866,118631.64729290866,118631.64729290866,0.014917074417965633,0.014917074417965633,0.014917074417965633,1.0,False,none
2025-08-08 02:00:00,2025-08-01 01:00:00,STRONG_SELL,SHORT,2025-08-08 03:00:00,116700.0,2025-08-08 11:00:00,116879.83071428572,0.0005127920212411244,59.842828878839214,-0.092215755459811,0.11977787351313825,0.059888936756569124,-0.2718825657295184,997.1085987482576,115162.71081866164,115162.71081866164,115162.71081866164,-0.013173000696986814,-0.013173000696986814,-0.013173000696986814,0.0,False,trailing_sl
2025-08-08 03:00:00,2025-08-01 01:00:00,HOLD,NONE,,,,,0.0,0.0,0.0,0.0,0.0,0.0,997.1085987482576,119047.0228249586,119047.0228249586,119047.0228249586,0.019785208632529357,0.019785208632529357,0.019785208632529357,1.0,False,none
2025-08-08 04:00:00,2025-08-01 01:00:00,HOLD,NONE,,,,,0.0,0.0,0.0,0.0,0.0,0.0,997.1085987482576,115573.50461859614,115573.50461859614,115573.50461859614,-0.010077133024689718,-0.010077133024689718,-0.010077133024689718,0.0,False,none
2025-08-08 05:00:00,2025-08-01 01:00:00,HOLD,NONE,,,,,0.0,0.0,0.0,0.0,0.0,0.0,997.1085987482576,115122.89647490524,115122.89647490524,115122.89647490524,-0.012080373418514645,-0.012080373418514645,-0.012080373418514645,0.0,False,none
2025-08-08 06:00:00,2025-08-01 01:00:00,HOLD,NONE,,,,,0.0,0.0,0.0,0.0,0.0,0.0,997.1085987482576,116158.59673912397,116158.59673912397,116158.59673912397,-0.0049804112649641415,-0.0049804112649641415,-0.0049804112649641415,0.0,False,none
2025-08-08 07:00:00,2025-08-01 01:00:00,HOLD,NONE,,,,,0.0,0.0,0.0,0.0,0.0,0.0,997.1085987482576,118016.38486030237,118016.38486030237,118016.38486030237,0.01026556845188934,0.01026556845188934,0.01026556845188934,1.0,False,none
2025-08-08 08:00:00,2025-08-01 01:00:00,HOLD,NONE,,,,,0.0,0.0,0.0,0.0,0.0,0.0,997.1085987482576,116438.25795430974,116438.25795430974,116438.25795430974,-0.0015638060409231757,-0.0015638060409231757,-0.0015638060409231757,0.0,False,none
2025-08-08 09:00:00,2025-08-01 01:00:00,HOLD,NONE,,,,,0.0,0.0,0.0,0.0,0.0,0.0,997.1085987482576,114785.05221903992,114785.05221903992,114785.05221903992,-0.016284141172010786,-0.016284141172010786,-0.016284141172010786,0.0,False,none
2025-08-08 10:00:00,2025-08-01 01:00:00,STRONG_SELL,NONE,,,,,0.0,0.0,0.0,0.0,0.0,0.0,997.1085987482576,114785.05221903992,114785.05221903992,114785.05221903992,-0.01509585987759753,-0.01509585987759753,-0.01509585987759753,0.0,False,none
2025-08-08 11:00:00,2025-08-01 01:00:00,STRONG_BUY,NONE,,,,,0.0,0.0,0.0,0.0,0.0,0.0,997.1085987482576,119047.0228249586,119047.0228249586,119047.0228249586,0.01844028556871763,0.01844028556871763,0.01844028556871763,1.0,False,none
2025-08-08 12:00:00,2025-08-01 01:00:00,HOLD,NONE,,,,,0.0,0.0,0.0,0.0,0.0,0.0,997.1085987482576,116399.77528058151,116399.77528058151,116399.77528058151,-0.0008644146308966726,-0.0008644146308966726,-0.0008644146308966726,0.0,False,none
2025-08-08 13:00:00,2025-08-01 01:00:00,HOLD,NONE,,,,,0.0,0.0,0.0,0.0,0.0,0.0,997.1085987482576,117514.47266031551,117514.47266031551,117514.47266031551,0.005101890328026675,0.005101890328026675,0.005101890328026675,0.0,False,none
2025-08-08 14:00:00,2025-08-01 01:00:00,STRONG_BUY,LONG,2025-08-08 15:00:00,116491.53,2025-08-08 15:00:00,115939.45,0.000513569664033904,59.826515924895446,-0.2835315401198386,0.11936950030967106,0.05968475015483553,-0.46258579058434524,996.6460129576732,119047.0228249586,119047.0228249586,119047.0228249586,0.021937155645209643,0.021937155645209643,0.021937155645209643,1.0,False,trailing_sl
2025-08-08 15:00:00,2025-08-01 01:00:00,STRONG_BUY,NONE,,,,,0.0,0.0,0.0,0.0,0.0,0.0,996.6460129576732,118041.56465866501,118041.56465866501,118041.56465866501,0.01578100948969047,0.01578100948969047,0.01578100948969047,1.0,False,none
2025-08-08 16:00:00,2025-08-01 01:00:00,STRONG_BUY,NONE,,,,,0.0,0.0,0.0,0.0,0.0,0.0,996.6460129576732,119047.0228249586,119047.0228249586,119047.0228249586,0.02455722249970676,0.02455722249970676,0.02455722249970676,1.0,False,none
2025-08-08 17:00:00,2025-08-01 01:00:00,HOLD,NONE,,,,,0.0,0.0,0.0,0.0,0.0,0.0,996.6460129576732,115950.81067969372,115950.81067969372,115950.81067969372,-0.006495216561161507,-0.006495216561161507,-0.006495216561161507,0.0,False,none
2025-08-08 18:00:00,2025-08-01 01:00:00,STRONG_BUY,NONE,,,,,0.0,0.0,0.0,0.0,0.0,0.0,996.6460129576732,119047.0228249586,119047.0228249586,119047.0228249586,0.021880487594323317,0.021880487594323317,0.021880487594323317,1.0,False,none
2025-08-08 19:00:00,2025-08-01 01:00:00,STRONG_BUY,NONE,,,,,0.0,0.0,0.0,0.0,0.0,0.0,996.6460129576732,118796.25267054973,118796.25267054973,118796.25267054973,0.020118283101797755,0.020118283101797755,0.020118283101797755,1.0,False,none
2025-08-08 20:00:00,2025-08-01 01:00:00,STRONG_SELL,NONE,,,,,0.0,0.0,0.0,0.0,0.0,0.0,996.6460129576732,115455.76320747103,115455.76320747103,115455.76320747103,-0.012257463714391941,-0.012257463714391941,-0.012257463714391941,0.0,False,none
2025-08-08 21:00:00,2025-08-01 01:00:00,STRONG_BUY,NONE,,,,,0.0,0.0,0.0,0.0,0.0,0.0,996.6460129576732,118816.77346914969,118816.77346914969,118816.77346914969,0.01612340931702958,0.01612340931702958,0.01612340931702958,1.0,False,none
2025-08-08 22:00:00,2025-08-01 01:00:00,HOLD,NONE,,,,,0.0,0.0,0.0,0.0,0.0,0.0,996.6460129576732,116258.36160730726,116258.36160730726,116258.36160730726,-0.005394339348669819,-0.005394339348669819,-0.005394339348669819,0.0,False,none
2025-08-08 23:00:00,2025-08-01 01:00:00,STRONG_SELL,NONE,,,,,0.0,0.0,0.0,0.0,0.0,0.0,996.6460129576732,114785.05221903992,114785.05221903992,114785.05221903992,-0.016196203059549004,-0.016196203059549004,-0.016196203059549004,0.0,False,none
2025-08-09 00:00:00,2025-08-02 01:00:00,STRONG_SELL,NONE,,,,,0.0,0.0,0.0,0.0,0.0,0.0,996.6460129576732,114958.46209882424,114958.46209882424,114958.46209882424,-0.013959977194309449,-0.013959977194309449,-0.013959977194309449,0.0,False,none
2025-08-09 01:00:00,2025-08-02 01:00:00,STRONG_SELL,NONE,,,,,0.0,0.0,0.0,0.0,0.0,0.0,996.6460129576732,114504.3974325277,114504.3974325277,114504.3974325277,-0.0176630489527515,-0.0176630489527515,-0.0176630489527515,0.0,False,none
2025-08-09 02:00:00,2025-08-02 01:00:00,STRONG_SELL,SHORT,2025-08-09 03:00:00,116404.0,2025-08-09 05:00:00,116871.32964285715,0.0005137174047065426,59.79876077746039,-0.24007537127100972,0.11983759692619178,0.05991879846309589,-0.4198317666602974,996.2261811910129,111019.11782574952,111019.11782574952,111019.11782574952,-0.04626028464872754,-0.04626028464872754,-0.04626028464872754,0.0,False,trailing_sl
2025-08-09 03:00:00,2025-08-02 01:00:00,HOLD,NONE,,,,,0.0,0.0,0.0,0.0,0.0,0.0,996.2261811910129,114958.46209882424,114958.46209882424,114958.46209882424,-0.01224865770801123,-0.01224865770801123,-0.01224865770801123,0.0,False,none
2025-08-09 04:00:00,2025-08-02 01:00:00,STRONG_SELL,NONE,,,,,0.0,0.0,0.0,0.0,0.0,0.0,996.2261811910129,111386.18376991294,111386.18376991294,111386.18376991294,-0.043359699715849936,-0.043359699715849936,-0.043359699715849936,0.0,False,none
2025-08-09 05:00:00,2025-08-02 01:00:00,STRONG_SELL,NONE,,,,,0.0,0.0,0.0,0.0,0.0,0.0,996.2261811910129,110983.54160798647,110983.54160798647,110983.54160798647,-0.04930380637266093,-0.04930380637266093,-0.04930380637266093,0.0,False,none
2025-08-09 06:00:00,2025-08-02 01:00:00,STRONG_SELL,NONE,,,,,0.0,0.0,0.0,0.0,0.0,0.0,996.2261811910129,111908.99446393602,111908.99446393602,111908.99446393602,-0.04064916458800292,-0.04064916458800292,-0.04064916458800292,0.0,False,none
2025-08-09 07:00:00,2025-08-02 01:00:00,STRONG_SELL,NONE,,,,,0.0,0.0,0.0,0.0,0.0,0.0,996.2261811910129,113831.82789101561,113831.82789101561,113831.82789101561,-0.025045238433416724,-0.025045238433416724,-0.025045238433416724,0.0,False,none
2025-08-09 08:00:00,2025-08-02 01:00:00,STRONG_SELL,NONE,,,,,0.0,0.0,0.0,0.0,0.0,0.0,996.2261811910129,112158.88652173831,112158.88652173831,112158.88652173831,-0.0422500641787779,-0.0422500641787779,-0.0422500641787779,0.0,False,none
2025-08-09 09:00:00,2025-08-02 01:00:00,STRONG_SELL,NONE,,,,,0.0,0.0,0.0,0.0,0.0,0.0,996.2261811910129,110681.65993212094,110681.65993212094,110681.65993212094,-0.05811556044031552,-0.05811556044031552,-0.05811556044031552,0.0,False,none
2025-08-09 10:00:00,2025-08-02 01:00:00,STRONG_SELL,NONE,,,,,0.0,0.0,0.0,0.0,0.0,0.0,996.2261811910129,110681.65993212094,110681.65993212094,110681.65993212094,-0.05742004088323108,-0.05742004088323108,-0.05742004088323108,0.0,False,none
2025-08-09 11:00:00,2025-08-02 01:00:00,STRONG_SELL,NONE,,,,,0.0,0.0,0.0,0.0,0.0,0.0,996.2261811910129,114958.46209882424,114958.46209882424,114958.46209882424,-0.018371940066397075,-0.018371940066397075,-0.018371940066397075,0.0,False,none
2025-08-09 12:00:00,2025-08-02 01:00:00,STRONG_SELL,NONE,,,,,0.0,0.0,0.0,0.0,0.0,0.0,996.2261811910129,112124.50022143817,112124.50022143817,112124.50022143817,-0.042625367143062094,-0.042625367143062094,-0.042625367143062094,0.0,False,none
2025-08-09 13:00:00,2025-08-02 01:00:00,STRONG_SELL,NONE,,,,,0.0,0.0,0.0,0.0,0.0,0.0,996.2261811910129,113283.16631128205,113283.16631128205,113283.16631128205,-0.03150557081368659,-0.03150557081368659,-0.03150557081368659,0.0,False,none
2025-08-09 14:00:00,2025-08-02 01:00:00,STRONG_SELL,SHORT,2025-08-09 15:00:00,116972.87,2025-08-09 20:00:00,116968.87214285714,0.0005110037128392317,59.77357087146077,0.0020429198433976983,0.11954509882307815,0.059772549411539075,-0.17727472839121952,996.0489064626216,114958.46209882424,114958.46209882424,114958.46209882424,-0.01722115479577236,-0.01722115479577236,-0.01722115479577236,0.0,False,trailing_sl
2025-08-09 15:00:00,2025-08-02 01:00:00,HOLD,NONE,,,,,0.0,0.0,0.0,0.0,0.0,0.0,996.0489064626216,113859.35299988401,113859.35299988401,113859.35299988401,-0.025947924619233315,-0.025947924619233315,-0.025947924619233315,0.0,False,none
2025-08-09 16:00:00,2025-08-02 01:00:00,HOLD,NONE,,,,,0.0,0.0,0.0,0.0,0.0,0.0,996.0489064626216,114958.46209882424,114958.46209882424,114958.46209882424,-0.0144883796730516,-0.0144883796730516,-0.0144883796730516,0.0,False,none
2025-08-09 17:00:00,2025-08-02 01:00:00,HOLD,NONE,,,,,0.0,0.0,0.0,0.0,0.0,0.0,996.0489064626216,111723.32665176135,111723.32665176135,111723.32665176135,-0.04240065158220023,-0.04240065158220023,-0.04240065158220023,0.0,False,none
2025-08-09 18:00:00,2025-08-02 01:00:00,HOLD,NONE,,,,,0.0,0.0,0.0,0.0,0.0,0.0,996.0489064626216,114958.46209882424,114958.46209882424,114958.46209882424,-0.014373465896066322,-0.014373465896066322,-0.014373465896066322,0.0,False,none
2025-08-09 19:00:00,2025-08-02 01:00:00,STRONG_SELL,NONE,,,,,0.0,0.0,0.0,0.0,0.0,0.0,996.0489064626216,114684.33457398701,114684.33457398701,114684.33457398701,-0.015886595994866373,-0.015886595994866373,-0.015886595994866373,0.0,False,none
2025-08-09 20:00:00,2025-08-02 01:00:00,STRONG_SELL,NONE,,,,,0.0,0.0,0.0,0.0,0.0,0.0,996.0489064626216,111280.9756040432,111280.9756040432,111280.9756040432,-0.04707300262760645,-0.04707300262760645,-0.04707300262760645,0.0,False,none
2025-08-09 21:00:00,2025-08-02 01:00:00,STRONG_SELL,NONE,,,,,0.0,0.0,0.0,0.0,0.0,0.0,996.0489064626216,114706.76673199704,114706.76673199704,114706.76673199704,-0.01559611637390141,-0.01559611637390141,-0.01559611637390141,0.0,False,none
2025-08-09 22:00:00,2025-08-02 01:00:00,STRONG_SELL,NONE,,,,,0.0,0.0,0.0,0.0,0.0,0.0,996.0489064626216,111998.13963978793,111998.13963978793,111998.13963978793,-0.038985986039598686,-0.038985986039598686,-0.038985986039598686,0.0,False,none
2025-08-09 23:00:00,2025-08-02 01:00:00,STRONG_SELL,NONE,,,,,0.0,0.0,0.0,0.0,0.0,0.0,996.0489064626216,110681.65993212094,110681.65993212094,110681.65993212094,-0.0496348822719728,-0.0496348822719728,-0.0496348822719728,0.0,False,none
2025-08-10 00:00:00,2025-08-03 01:00:00,HOLD,NONE,,,,,0.0,0.0,0.0,0.0,0.0,0.0,996.0489064626216,116096.48320314285,116096.48320314285,116096.48320314285,-0.005593060052924856,-0.005593060052924856,-0.005593060052924856,0.0,False,none
2025-08-10 01:00:00,2025-08-03 01:00:00,HOLD,NONE,,,,,0.0,0.0,0.0,0.0,0.0,0.0,996.0489064626216,115471.9155586134,115471.9155586134,115471.9155586134,-0.009474509865602308,-0.009474509865602308,-0.009474509865602308,0.0,False,none
2025-08-10 02:00:00,2025-08-03 01:00:00,STRONG_SELL,SHORT,2025-08-10 03:00:00,117317.99,2025-08-10 03:00:00,117830.36357142858,0.0005094098048198516,59.7629343877573,-0.26100812101627924,0.11978687689653089,0.059893438448265446,-0.4406884363610756,995.6082180262606,111133.85828757896,111133.85828757896,111133.85828757896,-0.05271256106945786,-0.05271256106945786,-0.05271256106945786,0.0,False,trailing_sl
2025-08-10 03:00:00,2025-08-03 01:00:00,STRONG_SELL,NONE,,,,,0.0,0.0,0.0,0.0,0.0,0.0,995.6082180262606,116096.48320314285,116096.48320314285,116096.48320314285,-0.020282842167570866,-0.020282842167570866,-0.020282842167570866,0.0,False,none
2025-08-10 04:00:00,2025-08-03 01:00:00,STRONG_SELL,NONE,,,,,0.0,0.0,0.0,0.0,0.0,0.0,995.6082180262606,111516.89227844532,111516.89227844532,111516.89227844532,-0.05881361569335881,-0.05881361569335881,-0.05881361569335881,0.0,False,none
2025-08-10 05:00:00,2025-08-03 01:00:00,STRONG_SELL,NONE,,,,,0.0,0.0,0.0,0.0,0.0,0.0,995.6082180262606,111096.73443861834,111096.73443861834,111096.73443861834,-0.058861159400073366,-0.058861159400073366,-0.058861159400073366,0.0,False,none
2025-08-10 06:00:00,2025-08-03 01:00:00,STRONG_SELL,NONE,,,,,0.0,0.0,0.0,0.0,0.0,0.0,995.6082180262606,112062.44620351907,112062.44620351907,112062.44620351907,-0.050915371519485865,-0.050915371519485865,-0.050915371519485865,0.0,False,none
2025-08-10 07:00:00,2025-08-03 01:00:00,STRONG_SELL,NONE,,,,,0.0,0.0,0.0,0.0,0.0,0.0,995.6082180262606,114546.79364205775,114546.79364205775,114546.79364205775,-0.02768486055687296,-0.02768486055687296,-0.02768486055687296,0.0,False,none
2025-08-10 08:00:00,2025-08-03 01:00:00,STRONG_SELL,NONE,,,,,0.0,0.0,0.0,0.0,0.0,0.0,995.6082180262606,112323.20902749599,112323.20902749599,112323.20902749599,-0.05059334929300736,-0.05059334929300736,-0.05059334929300736,0.0,False,none
2025-08-10 09:00:00,2025-08-03 01:00:00,STRONG_SELL,NONE,,,,,0.0,0.0,0.0,0.0,0.0,0.0,995.6082180262606,110781.72035214481,110781.72035214481,110781.72035214481,-0.0634978787250716,-0.0634978787250716,-0.0634978787250716,0.0,False,none
2025-08-10 10:00:00,2025-08-03 01:00:00,STRONG_SELL,NONE,,,,,0.0,0.0,0.0,0.0,0.0,0.0,995.6082180262606,110781.72035214481,110781.72035214481,110781.72035214481,-0.0613309578703202,-0.0613309578703202,-0.0613309578703202,0.0,False,none
2025-08-10 11:00:00,2025-08-03 01:00:00,STRONG_SELL,NONE,,,,,0.0,0.0,0.0,0.0,0.0,0.0,995.6082180262606,116096.48320314285,116096.48320314285,116096.48320314285,-0.01888013053647797,-0.01888013053647797,-0.01888013053647797,0.0,False,none
2025-08-10 12:00:00,2025-08-03 01:00:00,STRONG_SELL,NONE,,,,,0.0,0.0,0.0,0.0,0.0,0.0,995.6082180262606,112287.3268596062,112287.3268596062,112287.3268596062,-0.052539557692709744,-0.052539557692709744,-0.052539557692709744,0.0,False,none
2025-08-10 13:00:00,2025-08-03 01:00:00,STRONG_SELL,NONE,,,,,0.0,0.0,0.0,0.0,0.0,0.0,995.6082180262606,113792.1075897539,113792.1075897539,113792.1075897539,-0.03933992174252948,-0.03933992174252948,-0.03933992174252948,0.0,False,none
2025-08-10 14:00:00,2025-08-03 01:00:00,STRONG_SELL,SHORT,2025-08-10 15:00:00,118778.99,2025-08-10 20:00:00,118754.05714285714,0.0005029213759232641,59.73649308157563,0.01253926681998695,0.11946044689633128,0.05973022344816564,-0.16665140352450997,995.4415666227361,116096.48320314285,116096.48320314285,116096.48320314285,-0.022584099856516285,-0.022584099856516285,-0.022584099856516285,0.0,False,trailing_sl
2025-08-10 15:00:00,2025-08-03 01:00:00,HOLD,NONE,,,,,0.0,0.0,0.0,0.0,0.0,0.0,995.4415666227361,114584.654532119,114584.654532119,114584.654532119,-0.03560447307058026,-0.03560447307058026,-0.03560447307058026,0.0,False,none
2025-08-10 16:00:00,2025-08-03 01:00:00,HOLD,NONE,,,,,0.0,0.0,0.0,0.0,0.0,0.0,995.4415666227361,116096.48320314285,116096.48320314285,116096.48320314285,-0.0217006744559164,-0.0217006744559164,-0.0217006744559164,0.0,False,none
2025-08-10 17:00:00,2025-08-03 01:00:00,HOLD,NONE,,,,,0.0,0.0,0.0,0.0,0.0,0.0,995.4415666227361,111868.7014985049,111868.7014985049,111868.7014985049,-0.05612217804925859,-0.05612217804925859,-0.05612217804925859,0.0,False,none
2025-08-10 18:00:00,2025-08-03 01:00:00,HOLD,NONE,,,,,0.0,0.0,0.0,0.0,0.0,0.0,995.4415666227361,116096.48320314285,116096.48320314285,116096.48320314285,-0.02072917480275144,-0.02072917480275144,-0.02072917480275144,0.0,False,none
2025-08-10 19:00:00,2025-08-03 01:00:00,STRONG_SELL,NONE,,,,,0.0,0.0,0.0,0.0,0.0,0.0,995.4415666227361,115719.41976879831,115719.41976879831,115719.41976879831,-0.02480687532467294,-0.02480687532467294,-0.02480687532467294,0.0,False,none
2025-08-10 20:00:00,2025-08-03 01:00:00,STRONG_SELL,NONE,,,,,0.0,0.0,0.0,0.0,0.0,0.0,995.4415666227361,111407.1073629946,111407.1073629946,111407.1073629946,-0.05845054034227449,-0.05845054034227449,-0.05845054034227449,0.0,False,none
2025-08-10 21:00:00,2025-08-03 01:00:00,STRONG_SELL,NONE,,,,,0.0,0.0,0.0,0.0,0.0,0.0,995.4415666227361,115750.27528593049,115750.27528593049,115750.27528593049,-0.024989068229287533,-0.024989068229287533,-0.024989068229287533,0.0,False,none
2025-08-10 22:00:00,2025-08-03 01:00:00,STRONG_SELL,NONE,,,,,0.0,0.0,0.0,0.0,0.0,0.0,995.4415666227361,112155.4693592108,112155.4693592108,112155.4693592108,-0.05818915309166941,-0.05818915309166941,-0.05818915309166941,0.0,False,none
2025-08-10 23:00:00,2025-08-03 01:00:00,STRONG_SELL,NONE,,,,,0.0,0.0,0.0,0.0,0.0,0.0,995.4415666227361,110781.72035214481,110781.72035214481,110781.72035214481,-0.07135554960265972,-0.07135554960265972,-0.07135554960265972,0.0,False,none
2025-08-11 00:00:00,2025-08-04 01:00:00,STRONG_SELL,NONE,,,,,0.0,0.0,0.0,0.0,0.0,0.0,995.4415666227361,117016.27999165385,117016.27999165385,117016.27999165385,-0.017712873838123606,-0.017712873838123606,-0.017712873838123606,0.0,False,none
2025-08-11 01:00:00,2025-08-04 01:00:00,STRONG_SELL,NONE,,,,,0.0,0.0,0.0,0.0,0.0,0.0,995.4415666227361,116713.32754711129,116713.32754711129,116713.32754711129,-0.027291666274033347,-0.027291666274033347,-0.027291666274033347,0.0,False,none
2025-08-11 02:00:00,2025-08-04 01:00:00,STRONG_SELL,SHORT,2025-08-11 03:00:00,121875.99,2025-08-11 13:00:00,120010.0,0.0004900595596996928,59.726493997364166,0.9144462378040323,0.1185385417569243,0.05926927087846215,0.736638425168646,996.1782050479047,112810.35525004931,112810.35525004931,112810.35525004931,-0.07438416710386532,-0.07438416710386532,-0.07438416710386532,0.0,False,time_exit
2025-08-11 03:00:00,2025-08-04 01:00:00,HOLD,NONE,,,,,0.0,0.0,0.0,0.0,0.0,0.0,996.1782050479047,117016.27999165385,117016.27999165385,117016.27999165385,-0.03871477129931133,-0.03871477129931133,-0.03871477129931133,0.0,False,none
2025-08-11 04:00:00,2025-08-04 01:00:00,HOLD,NONE,,,,,0.0,0.0,0.0,0.0,0.0,0.0,996.1782050479047,113476.9139625782,113476.9139625782,113476.9139625782,-0.07047088824886798,-0.07047088824886798,-0.07047088824886798,0.0,False,none
2025-08-11 05:00:00,2025-08-04 01:00:00,HOLD,NONE,,,,,0.0,0.0,0.0,0.0,0.0,0.0,996.1782050479047,112745.75204104598,112745.75204104598,112745.75204104598,-0.07630377125547307,-0.07630377125547307,-0.07630377125547307,0.0,False,none
2025-08-11 06:00:00,2025-08-04 01:00:00,HOLD,NONE,,,,,0.0,0.0,0.0,0.0,0.0,0.0,996.1782050479047,114426.29112122083,114426.29112122083,114426.29112122083,-0.0643851047928304,-0.0643851047928304,-0.0643851047928304,0.0,False,none
2025-08-11 07:00:00,2025-08-04 01:00:00,HOLD,NONE,,,,,0.0,0.0,0.0,0.0,0.0,0.0,996.1782050479047,116264.58840960506,116264.58840960506,116264.58840960506,-0.04338230401482129,-0.04338230401482129,-0.04338230401482129,0.0,False,none
2025-08-11 08:00:00,2025-08-04 01:00:00,HOLD,NONE,,,,,0.0,0.0,0.0,0.0,0.0,0.0,996.1782050479047,114880.07260372667,114880.07260372667,114880.07260372667,-0.055876939589174675,-0.055876939589174675,-0.055876939589174675,0.0,False,none
2025-08-11 09:00:00,2025-08-04 01:00:00,HOLD,NONE,,,,,0.0,0.0,0.0,0.0,0.0,0.0,996.1782050479047,112197.56209207216,112197.56209207216,112197.56209207216,-0.07610512956365477,-0.07610512956365477,-0.07610512956365477,0.0,False,none
2025-08-11 10:00:00,2025-08-04 01:00:00,HOLD,NONE,,,,,0.0,0.0,0.0,0.0,0.0,0.0,996.1782050479047,112197.56209207216,112197.56209207216,112197.56209207216,-0.07416173432194853,-0.07416173432194853,-0.07416173432194853,0.0,False,none
2025-08-11 11:00:00,2025-08-04 01:00:00,HOLD,NONE,,,,,0.0,0.0,0.0,0.0,0.0,0.0,996.1782050479047,117016.27999165385,117016.27999165385,117016.27999165385,-0.029406226963807396,-0.029406226963807396,-0.029406226963807396,0.0,False,none
2025-08-11 12:00:00,2025-08-04 01:00:00,HOLD,NONE,,,,,0.0,0.0,0.0,0.0,0.0,0.0,996.1782050479047,114817.63017772355,114817.63017772355,114817.63017772355,-0.040337015841840795,-0.040337015841840795,-0.040337015841840795,0.0,False,none
2025-08-11 13:00:00,2025-08-04 01:00:00,HOLD,NONE,,,,,0.0,0.0,0.0,0.0,0.0,0.0,996.1782050479047,115898.52080041938,115898.52080041938,115898.52080041938,-0.0342594717071962,-0.0342594717071962,-0.0342594717071962,0.0,False,none
2025-08-11 14:00:00,2025-08-04 01:00:00,HOLD,NONE,,,,,0.0,0.0,0.0,0.0,0.0,0.0,996.1782050479047,117016.27999165385,117016.27999165385,117016.27999165385,-0.02683976757801515,-0.02683976757801515,-0.02683976757801515,0.0,False,none
2025-08-11 15:00:00,2025-08-04 01:00:00,HOLD,NONE,,,,,0.0,0.0,0.0,0.0,0.0,0.0,996.1782050479047,116282.95319250261,116282.95319250261,116282.95319250261,-0.033507600150084985,-0.033507600150084985,-0.033507600150084985,0.0,False,none
2025-08-11 16:00:00,2025-08-04 01:00:00,HOLD,NONE,,,,,0.0,0.0,0.0,0.0,0.0,0.0,996.1782050479047,117016.27999165385,117016.27999165385,117016.27999165385,-0.024487541715872294,-0.024487541715872294,-0.024487541715872294,0.0,False,none
2025-08-11 17:00:00,2025-08-04 01:00:00,HOLD,NONE,,,,,0.0,0.0,0.0,0.0,0.0,0.0,996.1782050479047,114089.13508751885,114089.13508751885,114089.13508751885,-0.04527920428854518,-0.04527920428854518,-0.04527920428854518,0.0,False,none
2025-08-11 18:00:00,2025-08-04 01:00:00,HOLD,NONE,,,,,0.0,0.0,0.0,0.0,0.0,0.0,996.1782050479047,117016.27999165385,117016.27999165385,117016.27999165385,-0.023023710072661466,-0.023023710072661466,-0.023023710072661466,0.0,False,none
2025-08-11 19:00:00,2025-08-04 01:00:00,HOLD,NONE,,,,,0.0,0.0,0.0,0.0,0.0,0.0,996.1782050479047,116833.3818057122,116833.3818057122,116833.3818057122,-0.018943080480679674,-0.018943080480679674,-0.018943080480679674,0.0,False,none
2025-08-11 20:00:00,2025-08-04 01:00:00,HOLD,NONE,,,,,0.0,0.0,0.0,0.0,0.0,0.0,996.1782050479047,113285.86540385261,113285.86540385261,113285.86540385261,-0.04661060685165499,-0.04661060685165499,-0.04661060685165499,0.0,False,none
2025-08-11 21:00:00,2025-08-04 01:00:00,HOLD,NONE,,,,,0.0,0.0,0.0,0.0,0.0,0.0,996.1782050479047,116848.34856619794,116848.34856619794,116848.34856619794,-0.015703988260405234,-0.015703988260405234,-0.015703988260405234,0.0,False,none
2025-08-11 22:00:00,2025-08-04 01:00:00,HOLD,NONE,,,,,0.0,0.0,0.0,0.0,0.0,0.0,996.1782050479047,114588.17073601167,114588.17073601167,114588.17073601167,-0.036158627186600914,-0.036158627186600914,-0.036158627186600914,0.0,False,none
2025-08-11 23:00:00,2025-08-04 01:00:00,HOLD,NONE,,,,,0.0,0.0,0.0,0.0,0.0,0.0,996.1782050479047,112197.56209207216,112197.56209207216,112197.56209207216,-0.05466894080117153,-0.05466894080117153,-0.05466894080117153,0.0,False,none
2025-08-12 00:00:00,2025-08-05 01:00:00,HOLD,NONE,,,,,0.0,0.0,0.0,0.0,0.0,0.0,996.1782050479047,117051.52493499007,117051.52493499007,117051.52493499007,-0.015954569765977863,-0.015954569765977863,-0.015954569765977863,0.0,False,none
2025-08-12 01:00:00,2025-08-05 01:00:00,HOLD,NONE,,,,,0.0,0.0,0.0,0.0,0.0,0.0,996.1782050479047,116690.0275092105,116690.0275092105,116690.0275092105,-0.019222795737915157,-0.019222795737915157,-0.019222795737915157,0.0,False,none
2025-08-12 02:00:00,2025-08-05 01:00:00,HOLD,NONE,,,,,0.0,0.0,0.0,0.0,0.0,0.0,996.1782050479047,114634.90532646985,114634.90532646985,114634.90532646985,-0.03711945712030452,-0.03711945712030452,-0.03711945712030452,0.0,False,none
2025-08-12 03:00:00,2025-08-05 01:00:00,STRONG_SELL,SHORT,2025-08-12 04:00:00,118857.7,2025-08-12 12:00:00,118917.5025,0.0005028760635859039,59.77069230287429,-0.030073245792598652,0.11957145785154116,0.05978572892577058,-0.2094304325699104,995.9687746153348,117051.52493499007,117051.52493499007,117051.52493499007,-0.015196113209408625,-0.015196113209408625,-0.015196113209408625,0.0,False,trailing_sl
2025-08-12 04:00:00,2025-08-05 01:00:00,HOLD,NONE,,,,,0.0,0.0,0.0,0.0,0.0,0.0,995.9687746153348,114734.79849759265,114734.79849759265,114734.79849759265,-0.03639241940890862,-0.03639241940890862,-0.03639241940890862,0.0,False,none
2025-08-12 05:00:00,2025-08-05 01:00:00,HOLD,NONE,,,,,0.0,0.0,0.0,0.0,0.0,0.0,995.9687746153348,114625.22362958292,114625.22362958292,114625.22362958292,-0.0353035408471006,-0.0353035408471006,-0.0353035408471006,0.0,False,none
2025-08-12 06:00:00,2025-08-05 01:00:00,HOLD,NONE,,,,,0.0,0.0,0.0,0.0,0.0,0.0,995.9687746153348,114877.07597920949,114877.07597920949,114877.07597920949,-0.03334647442935664,-0.03334647442935664,-0.03334647442935664,0.0,False,none
2025-08-12 07:00:00,2025-08-05 01:00:00,HOLD,NONE,,,,,0.0,0.0,0.0,0.0,0.0,0.0,995.9687746153348,116154.57039051986,116154.57039051986,116154.57039051986,-0.02380223279942619,-0.02380223279942619,-0.02380223279942619,0.0,False,none
2025-08-12 08:00:00,2025-08-05 01:00:00,HOLD,NONE,,,,,0.0,0.0,0.0,0.0,0.0,0.0,995.9687746153348,114945.08149835173,114945.08149835173,114945.08149835173,-0.03256851636748873,-0.03256851636748873,-0.03256851636748873,0.0,False,none
2025-08-12 09:00:00,2025-08-05 01:00:00,HOLD,NONE,,,,,0.0,0.0,0.0,0.0,0.0,0.0,995.9687746153348,114543.0696777234,114543.0696777234,114543.0696777234,-0.03264389160865648,-0.03264389160865648,-0.03264389160865648,0.0,False,none
2025-08-12 10:00:00,2025-08-05 01:00:00,HOLD,NONE,,,,,0.0,0.0,0.0,0.0,0.0,0.0,995.9687746153348,114543.0696777234,114543.0696777234,114543.0696777234,-0.032983711710542214,-0.032983711710542214,-0.032983711710542214,0.0,False,none
2025-08-12 11:00:00,2025-08-05 01:00:00,STRONG_SELL,NONE,,,,,0.0,0.0,0.0,0.0,0.0,0.0,995.9687746153348,117051.52493499007,117051.52493499007,117051.52493499007,-0.012408602074867747,-0.012408602074867747,-0.012408602074867747,0.0,False,none
2025-08-12 12:00:00,2025-08-05 01:00:00,STRONG_SELL,NONE,,,,,0.0,0.0,0.0,0.0,0.0,0.0,995.9687746153348,114935.72362510095,114935.72362510095,114935.72362510095,-0.03629689108994281,-0.03629689108994281,-0.03629689108994281,0.0,False,none
2025-08-12 13:00:00,2025-08-05 01:00:00,STRONG_SELL,NONE,,,,,0.0,0.0,0.0,0.0,0.0,0.0,995.9687746153348,115717.76091508647,115717.76091508647,115717.76091508647,-0.02633284700848216,-0.02633284700848216,-0.02633284700848216,0.0,False,none
2025-08-12 14:00:00,2025-08-05 01:00:00,STRONG_SELL,NONE,,,,,0.0,0.0,0.0,0.0,0.0,0.0,995.9687746153348,117051.52493499007,117051.52493499007,117051.52493499007,-0.01997364860279556,-0.01997364860279556,-0.01997364860279556,0.0,False,none
2025-08-12 15:00:00,2025-08-05 01:00:00,STRONG_SELL,SHORT,2025-08-12 16:00:00,119933.0,2025-08-12 18:00:00,120047.27964285713,0.000498262583917021,59.75812647692008,-0.056941270139108414,0.11957319422397927,0.05978659711198964,-0.23630106147507732,995.7324735538598,116176.48413263372,116176.48413263372,116176.48413263372,-0.031321786892400595,-0.031321786892400595,-0.031321786892400595,0.0,False,trailing_sl
2025-08-12 16:00:00,2025-08-05 01:00:00,HOLD,NONE,,,,,0.0,0.0,0.0,0.0,0.0,0.0,995.7324735538598,117051.52493499007,117051.52493499007,117051.52493499007,-0.021698495374419462,-0.021698495374419462,-0.021698495374419462,0.0,False,none
2025-08-12 17:00:00,2025-08-05 01:00:00,STRONG_SELL,NONE,,,,,0.0,0.0,0.0,0.0,0.0,0.0,995.7324735538598,114826.5484191662,114826.5484191662,114826.5484191662,-0.037255319471677734,-0.037255319471677734,-0.037255319471677734,0.0,False,none
2025-08-12 18:00:00,2025-08-05 01:00:00,STRONG_SELL,NONE,,,,,0.0,0.0,0.0,0.0,0.0,0.0,995.7324735538598,117051.52493499007,117051.52493499007,117051.52493499007,-0.019216364210032644,-0.019216364210032644,-0.019216364210032644,0.0,False,none
2025-08-12 19:00:00,2025-08-05 01:00:00,STRONG_SELL,NONE,,,,,0.0,0.0,0.0,0.0,0.0,0.0,995.7324735538598,116833.28202396983,116833.28202396983,116833.28202396983,-0.023665913894901754,-0.023665913894901754,-0.023665913894901754,0.0,False,none
2025-08-12 20:00:00,2025-08-05 01:00:00,STRONG_SELL,NONE,,,,,0.0,0.0,0.0,0.0,0.0,0.0,995.7324735538598,114706.16719173644,114706.16719173644,114706.16719173644,-0.04564303983592567,-0.04564303983592567,-0.04564303983592567,0.0,False,none
2025-08-12 21:00:00,2025-08-05 01:00:00,STRONG_SELL,NONE,,,,,0.0,0.0,0.0,0.0,0.0,0.0,995.7324735538598,116851.14108233139,116851.14108233139,116851.14108233139,-0.025455657937097073,-0.025455657937097073,-0.025455657937097073,0.0,False,none
2025-08-12 22:00:00,2025-08-05 01:00:00,STRONG_SELL,NONE,,,,,0.0,0.0,0.0,0.0,0.0,0.0,995.7324735538598,114901.3359097417,114901.3359097417,114901.3359097417,-0.043286049318224815,-0.043286049318224815,-0.043286049318224815,0.0,False,none
2025-08-12 23:00:00,2025-08-05 01:00:00,STRONG_SELL,NONE,,,,,0.0,0.0,0.0,0.0,0.0,0.0,995.7324735538598,114543.0696777234,114543.0696777234,114543.0696777234,-0.04653975226910303,-0.04653975226910303,-0.04653975226910303,0.0,False,none
2025-08-13 00:00:00,2025-08-06 01:00:00,STRONG_SELL,NONE,,,,,0.0,0.0,0.0,0.0,0.0,0.0,995.7324735538598,113825.87184539692,113825.87184539692,113825.87184539692,-0.049178525395598284,-0.049178525395598284,-0.049178525395598284,0.0,False,none
2025-08-13 01:00:00,2025-08-06 01:00:00,STRONG_SELL,NONE,,,,,0.0,0.0,0.0,0.0,0.0,0.0,995.7324735538598,113638.25279587698,113638.25279587698,113638.25279587698,-0.048880917240763315,-0.048880917240763315,-0.048880917240763315,0.0,False,none
2025-08-13 02:00:00,2025-08-06 01:00:00,STRONG_SELL,NONE,,,,,0.0,0.0,0.0,0.0,0.0,0.0,995.7324735538598,111647.794241705,111647.794241705,111647.794241705,-0.06609466664939337,-0.06609466664939337,-0.06609466664939337,0.0,False,none
2025-08-13 03:00:00,2025-08-06 01:00:00,STRONG_SELL,SHORT,2025-08-13 04:00:00,119482.01,2025-08-13 08:00:00,119779.97,0.0005000246347816846,59.743948413231585,-0.14898734017955395,0.11963688416664273,0.05981844208332136,-0.3284426664295181,995.4040308874303,113825.87184539692,113825.87184539692,113825.87184539692,-0.04733882661166376,-0.04733882661166376,-0.04733882661166376,0.0,False,trailing_sl
2025-08-13 04:00:00,2025-08-06 01:00:00,HOLD,NONE,,,,,0.0,0.0,0.0,0.0,0.0,0.0,995.4040308874303,111946.55941791696,111946.55941791696,111946.55941791696,-0.061913520450394555,-0.061913520450394555,-0.061913520450394555,0.0,False,none
2025-08-13 05:00:00,2025-08-06 01:00:00,HOLD,NONE,,,,,0.0,0.0,0.0,0.0,0.0,0.0,995.4040308874303,111618.83776906584,111618.83776906584,111618.83776906584,-0.06258343032138441,-0.06258343032138441,-0.06258343032138441,0.0,False,none
2025-08-13 06:00:00,2025-08-06 01:00:00,HOLD,NONE,,,,,0.0,0.0,0.0,0.0,0.0,0.0,995.4040308874303,112372.08957566907,112372.08957566907,112372.08957566907,-0.058939115944558765,-0.058939115944558765,-0.058939115944558765,0.0,False,none
2025-08-13 07:00:00,2025-08-06 01:00:00,STRONG_SELL,NONE,,,,,0.0,0.0,0.0,0.0,0.0,0.0,995.4040308874303,113360.347758377,113360.347758377,113360.347758377,-0.052015650069936165,-0.052015650069936165,-0.052015650069936165,0.0,False,none
2025-08-13 08:00:00,2025-08-06 01:00:00,STRONG_SELL,NONE,,,,,0.0,0.0,0.0,0.0,0.0,0.0,995.4040308874303,112575.4836683938,112575.4836683938,112575.4836683938,-0.062218651864872764,-0.062218651864872764,-0.062218651864872764,0.0,False,none
2025-08-13 09:00:00,2025-08-06 01:00:00,STRONG_SELL,NONE,,,,,0.0,0.0,0.0,0.0,0.0,0.0,995.4040308874303,111373.12788091297,111373.12788091297,111373.12788091297,-0.07278706136855875,-0.07278706136855875,-0.07278706136855875,0.0,False,none
2025-08-13 10:00:00,2025-08-06 01:00:00,STRONG_SELL,NONE,,,,,0.0,0.0,0.0,0.0,0.0,0.0,995.4040308874303,111373.12788091297,111373.12788091297,111373.12788091297,-0.07571099554414278,-0.07571099554414278,-0.07571099554414278,0.0,False,none
2025-08-13 11:00:00,2025-08-06 01:00:00,STRONG_SELL,NONE,,,,,0.0,0.0,0.0,0.0,0.0,0.0,995.4040308874303,113825.87184539692,113825.87184539692,113825.87184539692,-0.055938585218405446,-0.055938585218405446,-0.055938585218405446,0.0,False,none
2025-08-13 12:00:00,2025-08-06 01:00:00,STRONG_SELL,NONE,,,,,0.0,0.0,0.0,0.0,0.0,0.0,995.4040308874303,112547.49570265683,112547.49570265683,112547.49570265683,-0.0642386740623236,-0.0642386740623236,-0.0642386740623236,0.0,False,none
2025-08-13 13:00:00,2025-08-06 01:00:00,STRONG_SELL,NONE,,,,,0.0,0.0,0.0,0.0,0.0,0.0,995.4040308874303,113133.64136226538,113133.64136226538,113133.64136226538,-0.07090804451888803,-0.07090804451888803,-0.07090804451888803,0.0,False,none
2025-08-13 14:00:00,2025-08-06 01:00:00,STRONG_SELL,NONE,,,,,0.0,0.0,0.0,0.0,0.0,0.0,995.4040308874303,113825.87184539692,113825.87184539692,113825.87184539692,-0.05844003220596879,-0.05844003220596879,-0.05844003220596879,0.0,False,none
2025-08-13 15:00:00,2025-08-06 01:00:00,HOLD,NONE,,,,,0.0,0.0,0.0,0.0,0.0,0.0,995.4040308874303,113371.72110483433,113371.72110483433,113371.72110483433,-0.06242854936706134,-0.06242854936706134,-0.06242854936706134,0.0,False,none
2025-08-13 16:00:00,2025-08-06 01:00:00,HOLD,NONE,,,,,0.0,0.0,0.0,0.0,0.0,0.0,995.4040308874303,113825.87184539692,113825.87184539692,113825.87184539692,-0.06255795937254978,-0.06255795937254978,-0.06255795937254978,0.0,False,none
2025-08-13 17:00:00,2025-08-06 01:00:00,HOLD,NONE,,,,,0.0,0.0,0.0,0.0,0.0,0.0,995.4040308874303,112220.9693818639,112220.9693818639,112220.9693818639,-0.07882133670173358,-0.07882133670173358,-0.07882133670173358,0.0,False,none
2025-08-13 18:00:00,2025-08-06 01:00:00,HOLD,NONE,,,,,0.0,0.0,0.0,0.0,0.0,0.0,995.4040308874303,113825.87184539692,113825.87184539692,113825.87184539692,-0.0642336364806993,-0.0642336364806993,-0.0642336364806993,0.0,False,none
2025-08-13 19:00:00,2025-08-06 01:00:00,HOLD,NONE,,,,,0.0,0.0,0.0,0.0,0.0,0.0,995.4040308874303,113712.60263624066,113712.60263624066,113712.60263624066,-0.07358072013139642,-0.07358072013139642,-0.07358072013139642,0.0,False,none
2025-08-13 20:00:00,2025-08-06 01:00:00,HOLD,NONE,,,,,0.0,0.0,0.0,0.0,0.0,0.0,995.4040308874303,111860.92756697898,111860.92756697898,111860.92756697898,-0.08985127851419182,-0.08985127851419182,-0.08985127851419182,0.0,False,none
2025-08-13 21:00:00,2025-08-06 01:00:00,HOLD,NONE,,,,,0.0,0.0,0.0,0.0,0.0,0.0,995.4040308874303,113721.87158068163,113721.87158068163,113721.87158068163,-0.0721214487470449,-0.0721214487470449,-0.0721214487470449,0.0,False,none
2025-08-13 22:00:00,2025-08-06 01:00:00,HOLD,NONE,,,,,0.0,0.0,0.0,0.0,0.0,0.0,995.4040308874303,112444.6473124881,112444.6473124881,112444.6473124881,-0.08547408073986593,-0.08547408073986593,-0.08547408073986593,0.0,False,none
2025-08-13 23:00:00,2025-08-06 01:00:00,HOLD,NONE,,,,,0.0,0.0,0.0,0.0,0.0,0.0,995.4040308874303,111373.12788091297,111373.12788091297,111373.12788091297,-0.09677761426623917,-0.09677761426623917,-0.09677761426623917,0.0,False,none
2025-08-14 00:00:00,2025-08-07 01:00:00,HOLD,NONE,,,,,0.0,0.0,0.0,0.0,0.0,0.0,995.4040308874303,116339.12531869515,116339.12531869515,116339.12531869515,-0.06062847190221137,-0.06062847190221137,-0.06062847190221137,0.0,False,none
2025-08-14 01:00:00,2025-08-07 01:00:00,HOLD,NONE,,,,,0.0,0.0,0.0,0.0,0.0,0.0,995.4040308874303,116198.09056614834,116198.09056614834,116198.09056614834,-0.057886446483476274,-0.057886446483476274,-0.057886446483476274,0.0,False,none
2025-08-14 02:00:00,2025-08-07 01:00:00,HOLD,NONE,,,,,0.0,0.0,0.0,0.0,0.0,0.0,995.4040308874303,115244.79877512659,115244.79877512659,115244.79877512659,-0.06807018443560398,-0.06807018443560398,-0.06807018443560398,0.0,False,none
2025-08-14 03:00:00,2025-08-07 01:00:00,HOLD,NONE,,,,,0.0,0.0,0.0,0.0,0.0,0.0,995.4040308874303,116339.12531869515,116339.12531869515,116339.12531869515,-0.05673890833940894,-0.05673890833940894,-0.05673890833940894,0.0,False,none
2025-08-14 04:00:00,2025-08-07 01:00:00,HOLD,NONE,,,,,0.0,0.0,0.0,0.0,0.0,0.0,995.4040308874303,115324.26494398741,115324.26494398741,115324.26494398741,-0.06242851347662496,-0.06242851347662496,-0.06242851347662496,0.0,False,none
2025-08-14 05:00:00,2025-08-07 01:00:00,HOLD,NONE,,,,,0.0,0.0,0.0,0.0,0.0,0.0,995.4040308874303,115237.096873675,115237.096873675,115237.096873675,-0.05647583968990484,-0.05647583968990484,-0.05647583968990484,0.0,False,none
2025-08-14 06:00:00,2025-08-07 01:00:00,HOLD,NONE,,,,,0.0,0.0,0.0,0.0,0.0,0.0,995.4040308874303,115437.44832031002,115437.44832031002,115437.44832031002,-0.05201408903504069,-0.05201408903504069,-0.05201408903504069,0.0,False,none
2025-08-14 07:00:00,2025-08-07 01:00:00,HOLD,NONE,,,,,0.0,0.0,0.0,0.0,0.0,0.0,995.4040308874303,115989.18710834059,115989.18710834059,115989.18710834059,-0.04712350201991198,-0.04712350201991198,-0.04712350201991198,0.0,False,none
2025-08-14 08:00:00,2025-08-07 01:00:00,STRONG_SELL,SHORT,2025-08-14 09:00:00,121637.78,2025-08-14 12:00:00,118935.56642857143,0.0004910007553018957,59.72424185324582,1.3267889045584602,0.11812169480193319,0.05906084740096659,1.1496063623555604,996.5536372497859,115491.54749452666,115491.54749452666,115491.54749452666,-0.05052897632193992,-0.05052897632193992,-0.05052897632193992,0.0,False,trailing_sl
2025-08-14 09:00:00,2025-08-07 01:00:00,HOLD,NONE,,,,,0.0,0.0,0.0,0.0,0.0,0.0,996.5536372497859,115171.74245817619,115171.74245817619,115171.74245817619,-0.05325200215490467,-0.05325200215490467,-0.05325200215490467,0.0,False,none
2025-08-14 10:00:00,2025-08-07 01:00:00,HOLD,NONE,,,,,0.0,0.0,0.0,0.0,0.0,0.0,996.5536372497859,115171.74245817619,115171.74245817619,115171.74245817619,-0.04764007790945244,-0.04764007790945244,-0.04764007790945244,0.0,False,none
2025-08-14 11:00:00,2025-08-07 01:00:00,STRONG_SELL,NONE,,,,,0.0,0.0,0.0,0.0,0.0,0.0,996.5536372497859,116339.12531869515,116339.12531869515,116339.12531869515,-0.03811953088673039,-0.03811953088673039,-0.03811953088673039,0.0,False,none
2025-08-14 12:00:00,2025-08-07 01:00:00,HOLD,NONE,,,,,0.0,0.0,0.0,0.0,0.0,0.0,996.5536372497859,115484.10319850955,115484.10319850955,115484.10319850955,-0.028454362672053066,-0.028454362672053066,-0.028454362672053066,0.0,False,none
2025-08-14 13:00:00,2025-08-07 01:00:00,HOLD,NONE,,,,,0.0,0.0,0.0,0.0,0.0,0.0,996.5536372497859,115818.7700821474,115818.7700821474,115818.7700821474,-0.022039223701425848,-0.022039223701425848,-0.022039223701425848,0.0,False,none
2025-08-14 14:00:00,2025-08-07 01:00:00,HOLD,NONE,,,,,0.0,0.0,0.0,0.0,0.0,0.0,996.5536372497859,116339.12531869515,116339.12531869515,116339.12531869515,-0.020706272563254895,-0.020706272563254895,-0.020706272563254895,0.0,False,none
2025-08-14 15:00:00,2025-08-07 01:00:00,HOLD,NONE,,,,,0.0,0.0,0.0,0.0,0.0,0.0,996.5536372497859,115997.73654459103,115997.73654459103,115997.73654459103,-0.01910676474726898,-0.01910676474726898,-0.01910676474726898,0.0,False,none
2025-08-14 16:00:00,2025-08-07 01:00:00,HOLD,NONE,,,,,0.0,0.0,0.0,0.0,0.0,0.0,996.5536372497859,116339.12531869515,116339.12531869515,116339.12531869515,-0.01295784398393408,-0.01295784398393408,-0.01295784398393408,0.0,False,none
2025-08-14 17:00:00,2025-08-07 01:00:00,HOLD,NONE,,,,,0.0,0.0,0.0,0.0,0.0,0.0,996.5536372497859,115397.25306398376,115397.25306398376,115397.25306398376,-0.02139479439190103,-0.02139479439190103,-0.02139479439190103,0.0,False,none
2025-08-14 18:00:00,2025-08-07 01:00:00,HOLD,NONE,,,,,0.0,0.0,0.0,0.0,0.0,0.0,996.5536372497859,116339.12531869515,116339.12531869515,116339.12531869515,-0.014824526949247071,-0.014824526949247071,-0.014824526949247071,0.0,False,none
2025-08-14 19:00:00,2025-08-07 01:00:00,HOLD,NONE,,,,,0.0,0.0,0.0,0.0,0.0,0.0,996.5536372497859,116253.97994073166,116253.97994073166,116253.97994073166,-0.014345049487666362,-0.014345049487666362,-0.014345049487666362,0.0,False,none
2025-08-14 20:00:00,2025-08-07 01:00:00,HOLD,NONE,,,,,0.0,0.0,0.0,0.0,0.0,0.0,996.5536372497859,115301.48841021334,115301.48841021334,115301.48841021334,-0.021759185077266173,-0.021759185077266173,-0.021759185077266173,0.0,False,none
2025-08-14 21:00:00,2025-08-07 01:00:00,HOLD,NONE,,,,,0.0,0.0,0.0,0.0,0.0,0.0,996.5536372497859,116260.9474810158,116260.9474810158,116260.9474810158,-0.013895031304584396,-0.013895031304584396,-0.013895031304584396,0.0,False,none
2025-08-14 22:00:00,2025-08-07 01:00:00,HOLD,NONE,,,,,0.0,0.0,0.0,0.0,0.0,0.0,996.5536372497859,115456.74737463532,115456.74737463532,115456.74737463532,-0.023914288580901538,-0.023914288580901538,-0.023914288580901538,0.0,False,none
2025-08-14 23:00:00,2025-08-07 01:00:00,HOLD,NONE,,,,,0.0,0.0,0.0,0.0,0.0,0.0,996.5536372497859,115171.74245817619,115171.74245817619,115171.74245817619,-0.026403019278516196,-0.026403019278516196,-0.026403019278516196,0.0,False,none
2025-08-15 00:00:00,2025-08-08 01:00:00,HOLD,NONE,,,,,0.0,0.0,0.0,0.0,0.0,0.0,996.5536372497859,119104.9233592723,119104.9233592723,119104.9233592723,0.007809595315362418,0.007809595315362418,0.007809595315362418,0.0,False,none
2025-08-15 01:00:00,2025-08-08 01:00:00,HOLD,NONE,,,,,0.0,0.0,0.0,0.0,0.0,0.0,996.5536372497859,118786.28459322495,118786.28459322495,118786.28459322495,0.0008817252038727139,0.0008817252038727139,0.0008817252038727139,0.0,False,none
2025-08-15 02:00:00,2025-08-08 01:00:00,STRONG_SELL,SHORT,2025-08-15 03:00:00,118698.0,2025-08-15 12:00:00,119109.49642857142,0.0005037424239244735,59.79321823498715,-0.20728820836483267,0.11979372467833914,0.05989686233916957,-0.38697879538234137,996.1666584544035,117094.44915508768,117094.44915508768,117094.44915508768,-0.01350950180215602,-0.01350950180215602,-0.01350950180215602,0.0,False,trailing_sl
2025-08-15 03:00:00,2025-08-08 01:00:00,HOLD,NONE,,,,,0.0,0.0,0.0,0.0,0.0,0.0,996.1666584544035,119104.9233592723,119104.9233592723,119104.9233592723,0.001143268096448892,0.001143268096448892,0.001143268096448892,0.0,False,none
2025-08-15 04:00:00,2025-08-08 01:00:00,HOLD,NONE,,,,,0.0,0.0,0.0,0.0,0.0,0.0,996.1666584544035,117150.52378430782,117150.52378430782,117150.52378430782,-0.014158573720557135,-0.014158573720557135,-0.014158573720557135,0.0,False,none
2025-08-15 05:00:00,2025-08-08 01:00:00,HOLD,NONE,,,,,0.0,0.0,0.0,0.0,0.0,0.0,996.1666584544035,117089.01437354003,117089.01437354003,117089.01437354003,-0.015928788804471242,-0.015928788804471242,-0.015928788804471242,0.0,False,none
2025-08-15 06:00:00,2025-08-08 01:00:00,HOLD,NONE,,,,,0.0,0.0,0.0,0.0,0.0,0.0,996.1666584544035,117230.3906754913,117230.3906754913,117230.3906754913,-0.01555580666051327,-0.01555580666051327,-0.01555580666051327,0.0,False,none
2025-08-15 07:00:00,2025-08-08 01:00:00,HOLD,NONE,,,,,0.0,0.0,0.0,0.0,0.0,0.0,996.1666584544035,118314.3105668459,118314.3105668459,118314.3105668459,-0.005398105215430472,-0.005398105215430472,-0.005398105215430472,0.0,False,none
2025-08-15 08:00:00,2025-08-08 01:00:00,HOLD,NONE,,,,,0.0,0.0,0.0,0.0,0.0,0.0,996.1666584544035,117268.56529972197,117268.56529972197,117268.56529972197,-0.013544515791203237,-0.013544515791203237,-0.013544515791203237,0.0,False,none
2025-08-15 09:00:00,2025-08-08 01:00:00,HOLD,NONE,,,,,0.0,0.0,0.0,0.0,0.0,0.0,996.1666584544035,117042.89758359622,117042.89758359622,117042.89758359622,-0.014026793111430713,-0.014026793111430713,-0.014026793111430713,0.0,False,none
2025-08-15 10:00:00,2025-08-08 01:00:00,HOLD,NONE,,,,,0.0,0.0,0.0,0.0,0.0,0.0,996.1666584544035,117042.89758359622,117042.89758359622,117042.89758359622,-0.01545201079446179,-0.01545201079446179,-0.01545201079446179,0.0,False,none
2025-08-15 11:00:00,2025-08-08 01:00:00,HOLD,NONE,,,,,0.0,0.0,0.0,0.0,0.0,0.0,996.1666584544035,119104.9233592723,119104.9233592723,119104.9233592723,0.0008311627225575271,0.0008311627225575271,0.0008311627225575271,0.0,False,none
2025-08-15 12:00:00,2025-08-08 01:00:00,STRONG_SELL,NONE,,,,,0.0,0.0,0.0,0.0,0.0,0.0,996.1666584544035,117263.31229526801,117263.31229526801,117263.31229526801,-0.011676050152879857,-0.011676050152879857,-0.011676050152879857,0.0,False,none
2025-08-15 13:00:00,2025-08-08 01:00:00,HOLD,NONE,,,,,0.0,0.0,0.0,0.0,0.0,0.0,996.1666584544035,117929.28864877902,117929.28864877902,117929.28864877902,0.0013484588733868443,0.0013484588733868443,0.0013484588733868443,0.0,False,none
2025-08-15 14:00:00,2025-08-08 01:00:00,STRONG_BUY,LONG,2025-08-15 15:00:00,117400.0,2025-08-15 15:00:00,116844.63392857142,0.000509114135496288,59.76999950726421,-0.2827447173393311,0.11925725429718909,0.05962862714859454,-0.4616305987851147,995.7050278556185,119104.9233592723,119104.9233592723,119104.9233592723,0.014522345479321151,0.014522345479321151,0.014522345479321151,1.0,False,trailing_sl
2025-08-15 15:00:00,2025-08-08 01:00:00,HOLD,NONE,,,,,0.0,0.0,0.0,0.0,0.0,0.0,995.7050278556185,118333.62624449305,118333.62624449305,118333.62624449305,0.009024977693438102,0.009024977693438102,0.009024977693438102,0.0,False,none
2025-08-15 16:00:00,2025-08-08 01:00:00,STRONG_BUY,NONE,,,,,0.0,0.0,0.0,0.0,0.0,0.0,995.7050278556185,119104.9233592723,119104.9233592723,119104.9233592723,0.014925549292089314,0.014925549292089314,0.014925549292089314,1.0,False,none
2025-08-15 17:00:00,2025-08-08 01:00:00,HOLD,NONE,,,,,0.0,0.0,0.0,0.0,0.0,0.0,995.7050278556185,117202.0272331961,117202.0272331961,117202.0272331961,-0.0032732617437712967,-0.0032732617437712967,-0.0032732617437712967,0.0,False,none
2025-08-15 18:00:00,2025-08-08 01:00:00,STRONG_BUY,NONE,,,,,0.0,0.0,0.0,0.0,0.0,0.0,995.7050278556185,119104.9233592723,119104.9233592723,119104.9233592723,0.01660352513204886,0.01660352513204886,0.01660352513204886,1.0,False,none
2025-08-15 19:00:00,2025-08-08 01:00:00,STRONG_BUY,NONE,,,,,0.0,0.0,0.0,0.0,0.0,0.0,995.7050278556185,118912.55504097487,118912.55504097487,118912.55504097487,0.01690053087014717,0.01690053087014717,0.01690053087014717,1.0,False,none
2025-08-15 20:00:00,2025-08-08 01:00:00,HOLD,NONE,,,,,0.0,0.0,0.0,0.0,0.0,0.0,995.7050278556185,117134.45171609806,117134.45171609806,117134.45171609806,-0.0012410324343616874,-0.0012410324343616874,-0.0012410324343616874,0.0,False,none
2025-08-15 21:00:00,2025-08-08 01:00:00,STRONG_BUY,NONE,,,,,0.0,0.0,0.0,0.0,0.0,0.0,995.7050278556185,118928.29675284686,118928.29675284686,118928.29675284686,0.013708459586410348,0.013708459586410348,0.013708459586410348,1.0,False,none
2025-08-15 22:00:00,2025-08-08 01:00:00,HOLD,NONE,,,,,0.0,0.0,0.0,0.0,0.0,0.0,995.7050278556185,117244.00888977169,117244.00888977169,117244.00888977169,-0.0038911072898362617,-0.0038911072898362617,-0.0038911072898362617,0.0,False,none
2025-08-15 23:00:00,2025-08-08 01:00:00,HOLD,NONE,,,,,0.0,0.0,0.0,0.0,0.0,0.0,995.7050278556185,117042.89758359622,117042.89758359622,117042.89758359622,-0.0025494050632640535,-0.0025494050632640535,-0.0025494050632640535,0.0,False,none
2025-08-16 00:00:00,2025-08-09 01:00:00,HOLD,NONE,,,,,0.0,0.0,0.0,0.0,0.0,0.0,995.7050278556185,118392.09865543753,118392.09865543753,118392.09865543753,0.005579373030697617,0.005579373030697617,0.005579373030697617,0.0,False,none
2025-08-16 01:00:00,2025-08-09 01:00:00,HOLD,NONE,,,,,0.0,0.0,0.0,0.0,0.0,0.0,995.7050278556185,118238.4029846507,118238.4029846507,118238.4029846507,0.003537577020263669,0.003537577020263669,0.003537577020263669,0.0,False,none
2025-08-16 02:00:00,2025-08-09 01:00:00,HOLD,NONE,,,,,0.0,0.0,0.0,0.0,0.0,0.0,995.7050278556185,116986.31148951745,116986.31148951745,116986.31148951745,-0.0044185035278987645,-0.0044185035278987645,-0.0044185035278987645,0.0,False,none
2025-08-16 03:00:00,2025-08-09 01:00:00,HOLD,NONE,,,,,0.0,0.0,0.0,0.0,0.0,0.0,995.7050278556185,118392.09865543753,118392.09865543753,118392.09865543753,0.00819613121013429,0.00819613121013429,0.00819613121013429,0.0,False,none
2025-08-16 04:00:00,2025-08-09 01:00:00,HOLD,NONE,,,,,0.0,0.0,0.0,0.0,0.0,0.0,995.7050278556185,117129.90036128688,117129.90036128688,117129.90036128688,-0.005820615347001576,-0.005820615347001576,-0.005820615347001576,0.0,False,none
2025-08-16 05:00:00,2025-08-09 01:00:00,HOLD,NONE,,,,,0.0,0.0,0.0,0.0,0.0,0.0,995.7050278556185,116972.3947831282,116972.3947831282,116972.3947831282,-0.005301084927297564,-0.005301084927297564,-0.005301084927297564,0.0,False,none
2025-08-16 06:00:00,2025-08-09 01:00:00,HOLD,NONE,,,,,0.0,0.0,0.0,0.0,0.0,0.0,995.7050278556185,117334.41347098125,117334.41347098125,117334.41347098125,-0.0005131113642635715,-0.0005131113642635715,-0.0005131113642635715,0.0,False,none
2025-08-16 07:00:00,2025-08-09 01:00:00,HOLD,NONE,,,,,0.0,0.0,0.0,0.0,0.0,0.0,995.7050278556185,118010.74592497105,118010.74592497105,118010.74592497105,0.003526273666892481,0.003526273666892481,0.003526273666892481,0.0,False,none
2025-08-16 08:00:00,2025-08-09 01:00:00,HOLD,NONE,,,,,0.0,0.0,0.0,0.0,0.0,0.0,995.7050278556185,117432.16625686214,117432.16625686214,117432.16625686214,-0.0016910813555995863,-0.0016910813555995863,-0.0016910813555995863,0.0,False,none
2025-08-16 09:00:00,2025-08-09 01:00:00,HOLD,NONE,,,,,0.0,0.0,0.0,0.0,0.0,0.0,995.7050278556185,116854.30469622518,116854.30469622518,116854.30469622518,-0.0039015216156473094,-0.0039015216156473094,-0.0039015216156473094,0.0,False,none
2025-08-16 10:00:00,2025-08-09 01:00:00,HOLD,NONE,,,,,0.0,0.0,0.0,0.0,0.0,0.0,995.7050278556185,116854.30469622518,116854.30469622518,116854.30469622518,-0.004546421301792493,-0.004546421301792493,-0.004546421301792493,0.0,False,none
2025-08-16 11:00:00,2025-08-09 01:00:00,HOLD,NONE,,,,,0.0,0.0,0.0,0.0,0.0,0.0,995.7050278556185,118392.09865543753,118392.09865543753,118392.09865543753,0.00863512894384358,0.00863512894384358,0.00863512894384358,0.0,False,none
2025-08-16 12:00:00,2025-08-09 01:00:00,HOLD,NONE,,,,,0.0,0.0,0.0,0.0,0.0,0.0,995.7050278556185,117418.71502243701,117418.71502243701,117418.71502243701,-0.002791102726744685,-0.002791102726744685,-0.002791102726744685,0.0,False,none
2025-08-16 13:00:00,2025-08-09 01:00:00,HOLD,NONE,,,,,0.0,0.0,0.0,0.0,0.0,0.0,995.7050278556185,117825.03028622754,117825.03028622754,117825.03028622754,0.0017131802060296956,0.0017131802060296956,0.0017131802060296956,0.0,False,none
2025-08-16 14:00:00,2025-08-09 01:00:00,HOLD,NONE,,,,,0.0,0.0,0.0,0.0,0.0,0.0,995.7050278556185,118392.09865543753,118392.09865543753,118392.09865543753,0.005270453676716623,0.005270453676716623,0.005270453676716623,0.0,False,none
2025-08-16 15:00:00,2025-08-09 01:00:00,HOLD,NONE,,,,,0.0,0.0,0.0,0.0,0.0,0.0,995.7050278556185,118020.06285796544,118020.06285796544,118020.06285796544,0.0029178491406153207,0.0029178491406153207,0.0029178491406153207,0.0,False,none
2025-08-16 16:00:00,2025-08-09 01:00:00,HOLD,NONE,,,,,0.0,0.0,0.0,0.0,0.0,0.0,995.7050278556185,118392.09865543753,118392.09865543753,118392.09865543753,0.005473133904901988,0.005473133904901988,0.005473133904901988,0.0,False,none
2025-08-16 17:00:00,2025-08-09 01:00:00,HOLD,NONE,,,,,0.0,0.0,0.0,0.0,0.0,0.0,995.7050278556185,117261.78392825749,117261.78392825749,117261.78392825749,-0.003663905854575158,-0.003663905854575158,-0.003663905854575158,0.0,False,none
2025-08-16 18:00:00,2025-08-09 01:00:00,HOLD,NONE,,,,,0.0,0.0,0.0,0.0,0.0,0.0,995.7050278556185,118392.09865543753,118392.09865543753,118392.09865543753,0.006001647738758717,0.006001647738758717,0.006001647738758717,0.0,False,none
2025-08-16 19:00:00,2025-08-09 01:00:00,HOLD,NONE,,,,,0.0,0.0,0.0,0.0,0.0,0.0,995.7050278556185,118299.30963894208,118299.30963894208,118299.30963894208,0.0053299765394053174,0.0053299765394053174,0.0053299765394053174,0.0,False,none
2025-08-16 20:00:00,2025-08-09 01:00:00,HOLD,NONE,,,,,0.0,0.0,0.0,0.0,0.0,0.0,995.7050278556185,117088.74502645299,117088.74502645299,117088.74502645299,-0.00481631038935662,-0.00481631038935662,-0.00481631038935662,0.0,False,none
2025-08-16 21:00:00,2025-08-09 01:00:00,HOLD,NONE,,,,,0.0,0.0,0.0,0.0,0.0,0.0,995.7050278556185,118306.90266660631,118306.90266660631,118306.90266660631,0.007276939843075819,0.007276939843075819,0.007276939843075819,0.0,False,none
2025-08-16 22:00:00,2025-08-09 01:00:00,HOLD,NONE,,,,,0.0,0.0,0.0,0.0,0.0,0.0,995.7050278556185,117369.28528469156,117369.28528469156,117369.28528469156,-0.0007770669176822815,-0.0007770669176822815,-0.0007770669176822815,0.0,False,none
2025-08-16 23:00:00,2025-08-09 01:00:00,HOLD,NONE,,,,,0.0,0.0,0.0,0.0,0.0,0.0,995.7050278556185,116854.30469622518,116854.30469622518,116854.30469622518,-0.0044841740008517645,-0.0044841740008517645,-0.0044841740008517645,0.0,False,none
2025-08-17 00:00:00,2025-08-10 01:00:00,HOLD,NONE,,,,,0.0,0.0,0.0,0.0,0.0,0.0,995.7050278556185,117504.51694121432,117504.51694121432,117504.51694121432,0.0021263616665011817,0.0021263616665011817,0.0021263616665011817,0.0,False,none
2025-08-17 01:00:00,2025-08-10 01:00:00,HOLD,NONE,,,,,0.0,0.0,0.0,0.0,0.0,0.0,995.7050278556185,117400.8638140717,117400.8638140717,117400.8638140717,-0.00033298872545954535,-0.00033298872545954535,-0.00033298872545954535,0.0,False,none
2025-08-17 02:00:00,2025-08-10 01:00:00,STRONG_SELL,SHORT,2025-08-17 03:00:00,117606.0,2025-08-17 04:00:00,117810.53392857141,0.0005079868516175799,59.7423016713371,-0.1039005464239678,0.11958850388909817,0.059794251944549084,-0.28328330225761506,995.4217445533609,116087.28808166235,116087.28808166235,116087.28808166235,-0.012913558137660059,-0.012913558137660059,-0.012913558137660059,0.0,False,trailing_sl
2025-08-17 03:00:00,2025-08-10 01:00:00,HOLD,NONE,,,,,0.0,0.0,0.0,0.0,0.0,0.0,995.4217445533609,117504.51694121432,117504.51694121432,117504.51694121432,-0.0015331871984113695,-0.0015331871984113695,-0.0015331871984113695,0.0,False,none
2025-08-17 04:00:00,2025-08-10 01:00:00,STRONG_SELL,NONE,,,,,0.0,0.0,0.0,0.0,0.0,0.0,995.4217445533609,116309.52006605295,116309.52006605295,116309.52006605295,-0.014961450999249965,-0.014961450999249965,-0.014961450999249965,0.0,False,none
2025-08-17 05:00:00,2025-08-10 01:00:00,STRONG_SELL,NONE,,,,,0.0,0.0,0.0,0.0,0.0,0.0,995.4217445533609,116065.7492448503,116065.7492448503,116065.7492448503,-0.0163920389087229,-0.0163920389087229,-0.0163920389087229,0.0,False,none
2025-08-17 06:00:00,2025-08-10 01:00:00,STRONG_SELL,NONE,,,,,0.0,0.0,0.0,0.0,0.0,0.0,995.4217445533609,116626.04427605057,116626.04427605057,116626.04427605057,-0.011006629982155767,-0.011006629982155767,-0.011006629982155767,0.0,False,none
2025-08-17 07:00:00,2025-08-10 01:00:00,HOLD,NONE,,,,,0.0,0.0,0.0,0.0,0.0,0.0,995.4217445533609,117247.3307572778,117247.3307572778,117247.3307572778,-0.006428905066694048,-0.006428905066694048,-0.006428905066694048,0.0,False,none
2025-08-17 08:00:00,2025-08-10 01:00:00,STRONG_SELL,NONE,,,,,0.0,0.0,0.0,0.0,0.0,0.0,995.4217445533609,116777.33591389349,116777.33591389349,116777.33591389349,-0.0134221252790412,-0.0134221252790412,-0.0134221252790412,0.0,False,none
2025-08-17 09:00:00,2025-08-10 01:00:00,STRONG_SELL,NONE,,,,,0.0,0.0,0.0,0.0,0.0,0.0,995.4217445533609,115882.98163879618,115882.98163879618,115882.98163879618,-0.020811929168059084,-0.020811929168059084,-0.020811929168059084,0.0,False,none
2025-08-17 10:00:00,2025-08-10 01:00:00,STRONG_SELL,NONE,,,,,0.0,0.0,0.0,0.0,0.0,0.0,995.4217445533609,115882.98163879618,115882.98163879618,115882.98163879618,-0.021203543723015333,-0.021203543723015333,-0.021203543723015333,0.0,False,none
2025-08-17 11:00:00,2025-08-10 01:00:00,HOLD,NONE,,,,,0.0,0.0,0.0,0.0,0.0,0.0,995.4217445533609,117504.51694121432,117504.51694121432,117504.51694121432,-0.006791535575534402,-0.006791535575534402,-0.006791535575534402,0.0,False,none
2025-08-17 12:00:00,2025-08-10 01:00:00,STRONG_SELL,NONE,,,,,0.0,0.0,0.0,0.0,0.0,0.0,995.4217445533609,116756.51748637916,116756.51748637916,116756.51748637916,-0.011899556320027184,-0.011899556320027184,-0.011899556320027184,0.0,False,none
2025-08-17 13:00:00,2025-08-10 01:00:00,STRONG_SELL,NONE,,,,,0.0,0.0,0.0,0.0,0.0,0.0,995.4217445533609,117122.08320400254,117122.08320400254,117122.08320400254,-0.011043712796036406,-0.011043712796036406,-0.011043712796036406,0.0,False,none
2025-08-17 14:00:00,2025-08-10 01:00:00,HOLD,NONE,,,,,0.0,0.0,0.0,0.0,0.0,0.0,995.4217445533609,117504.51694121432,117504.51694121432,117504.51694121432,-0.005463334779114109,-0.005463334779114109,-0.005463334779114109,0.0,False,none
2025-08-17 15:00:00,2025-08-10 01:00:00,HOLD,NONE,,,,,0.0,0.0,0.0,0.0,0.0,0.0,995.4217445533609,117253.61414336997,117253.61414336997,117253.61414336997,-0.00839389504597897,-0.00839389504597897,-0.00839389504597897,0.0,False,none
2025-08-17 16:00:00,2025-08-10 01:00:00,HOLD,NONE,,,,,0.0,0.0,0.0,0.0,0.0,0.0,995.4217445533609,117504.51694121432,117504.51694121432,117504.51694121432,-0.0028009020340525113,-0.0028009020340525113,-0.0028009020340525113,0.0,False,none
2025-08-17 17:00:00,2025-08-10 01:00:00,STRONG_SELL,SHORT,2025-08-17 18:00:00,117900.01,2025-08-17 18:00:00,117793.23607142858,0.0005065759084600727,59.72530467320165,0.05408909986591783,0.11939652024653738,0.05969826012326869,-0.12500568050388822,995.296738872857,116513.63579198084,116513.63579198084,116513.63579198084,-0.011758814317380526,-0.011758814317380526,-0.011758814317380526,0.0,False,trailing_sl
2025-08-17 18:00:00,2025-08-10 01:00:00,HOLD,NONE,,,,,0.0,0.0,0.0,0.0,0.0,0.0,995.296738872857,117504.51694121432,117504.51694121432,117504.51694121432,-0.00031897581797078127,-0.00031897581797078127,-0.00031897581797078127,0.0,False,none
2025-08-17 19:00:00,2025-08-10 01:00:00,HOLD,NONE,,,,,0.0,0.0,0.0,0.0,0.0,0.0,995.296738872857,117441.93956557971,117441.93956557971,117441.93956557971,-0.001089821877458221,-0.001089821877458221,-0.001089821877458221,0.0,False,none
2025-08-17 20:00:00,2025-08-10 01:00:00,STRONG_SELL,NONE,,,,,0.0,0.0,0.0,0.0,0.0,0.0,995.296738872857,116245.82410120768,116245.82410120768,116245.82410120768,-0.011510394086845364,-0.011510394086845364,-0.011510394086845364,0.0,False,none
2025-08-17 21:00:00,2025-08-10 01:00:00,HOLD,NONE,,,,,0.0,0.0,0.0,0.0,0.0,0.0,995.296738872857,117447.06034131692,117447.06034131692,117447.06034131692,-0.002149020039788313,-0.002149020039788313,-0.002149020039788313,0.0,False,none
2025-08-17 22:00:00,2025-08-10 01:00:00,STRONG_SELL,NONE,,,,,0.0,0.0,0.0,0.0,0.0,0.0,995.296738872857,116680.01525767778,116680.01525767778,116680.01525767778,-0.010808993687526308,-0.010808993687526308,-0.010808993687526308,0.0,False,none
2025-08-17 23:00:00,2025-08-10 01:00:00,STRONG_SELL,NONE,,,,,0.0,0.0,0.0,0.0,0.0,0.0,995.296738872857,115882.98163879618,115882.98163879618,115882.98163879618,-0.012963913219749467,-0.012963913219749467,-0.012963913219749467,0.0,False,none
2025-08-18 00:00:00,2025-08-11 01:00:00,STRONG_BUY,NONE,,,,,0.0,0.0,0.0,0.0,0.0,0.0,995.296738872857,120060.47846501756,120060.47846501756,120060.47846501756,0.02361909776953686,0.02361909776953686,0.02361909776953686,1.0,False,none
2025-08-18 01:00:00,2025-08-11 01:00:00,STRONG_BUY,NONE,,,,,0.0,0.0,0.0,0.0,0.0,0.0,995.296738872857,119884.86327834694,119884.86327834694,119884.86327834694,0.031094328560575223,0.031094328560575223,0.031094328560575223,1.0,False,none
2025-08-18 02:00:00,2025-08-11 01:00:00,STRONG_BUY,NONE,,,,,0.0,0.0,0.0,0.0,0.0,0.0,995.296738872857,118663.36897412568,118663.36897412568,118663.36897412568,0.027804581093832246,0.027804581093832246,0.027804581093832246,1.0,False,none
2025-08-18 03:00:00,2025-08-11 01:00:00,STRONG_BUY,NONE,,,,,0.0,0.0,0.0,0.0,0.0,0.0,995.296738872857,120060.47846501756,120060.47846501756,120060.47846501756,0.04111619477291303,0.04111619477291303,0.04111619477291303,1.0,False,none
2025-08-18 04:00:00,2025-08-11 01:00:00,STRONG_BUY,NONE,,,,,0.0,0.0,0.0,0.0,0.0,0.0,995.296738872857,118771.5309399516,118771.5309399516,118771.5309399516,0.02859647486121317,0.02859647486121317,0.02859647486121317,1.0,False,none
2025-08-18 05:00:00,2025-08-11 01:00:00,STRONG_BUY,LONG,2025-08-18 06:00:00,115687.99,2025-08-18 09:00:00,114859.53107142857,0.0005161970947232414,59.71780433237141,-0.42764809202610254,0.11900796057271672,0.05950398028635836,-0.6061600328851776,994.6905788399717,118652.88586145588,118652.88586145588,118652.88586145588,0.025628380797832858,0.025628380797832858,0.025628380797832858,1.0,False,trailing_sl
2025-08-18 06:00:00,2025-08-11 01:00:00,HOLD,NONE,,,,,0.0,0.0,0.0,0.0,0.0,0.0,994.6905788399717,118925.58563589797,118925.58563589797,118925.58563589797,0.031932038300633604,0.031932038300633604,0.031932038300633604,1.0,False,none
2025-08-18 07:00:00,2025-08-11 01:00:00,HOLD,NONE,,,,,0.0,0.0,0.0,0.0,0.0,0.0,994.6905788399717,119624.73859931174,119624.73859931174,119624.73859931174,0.038355288495542844,0.038355288495542844,0.038355288495542844,1.0,False,none
2025-08-18 08:00:00,2025-08-11 01:00:00,STRONG_BUY,NONE,,,,,0.0,0.0,0.0,0.0,0.0,0.0,994.6905788399717,118999.2204054699,118999.2204054699,118999.2204054699,0.03355865701348319,0.03355865701348319,0.03355865701348319,1.0,False,none
2025-08-18 09:00:00,2025-08-11 01:00:00,STRONG_BUY,NONE,,,,,0.0,0.0,0.0,0.0,0.0,0.0,994.6905788399717,118563.93150317878,118563.93150317878,118563.93150317878,0.030646024844028494,0.030646024844028494,0.030646024844028494,1.0,False,none
2025-08-18 10:00:00,2025-08-11 01:00:00,STRONG_BUY,NONE,,,,,0.0,0.0,0.0,0.0,0.0,0.0,994.6905788399717,118563.93150317878,118563.93150317878,118563.93150317878,0.03046579840615783,0.03046579840615783,0.03046579840615783,1.0,False,none
2025-08-18 11:00:00,2025-08-11 01:00:00,STRONG_BUY,NONE,,,,,0.0,0.0,0.0,0.0,0.0,0.0,994.6905788399717,120060.47846501756,120060.47846501756,120060.47846501756,0.044483078763136806,0.044483078763136806,0.044483078763136806,1.0,False,none
2025-08-18 12:00:00,2025-08-11 01:00:00,STRONG_BUY,NONE,,,,,0.0,0.0,0.0,0.0,0.0,0.0,994.6905788399717,118989.08792138337,118989.08792138337,118989.08792138337,0.030030282389942757,0.030030282389942757,0.030030282389942757,1.0,False,none
2025-08-18 13:00:00,2025-08-11 01:00:00,STRONG_BUY,NONE,,,,,0.0,0.0,0.0,0.0,0.0,0.0,994.6905788399717,119412.53687366376,119412.53687366376,119412.53687366376,0.03982446465471966,0.03982446465471966,0.03982446465471966,1.0,False,none
2025-08-18 14:00:00,2025-08-11 01:00:00,STRONG_BUY,NONE,,,,,0.0,0.0,0.0,0.0,0.0,0.0,994.6905788399717,120060.47846501756,120060.47846501756,120060.47846501756,0.038282501697537226,0.038282501697537226,0.038282501697537226,1.0,False,none
2025-08-18 15:00:00,2025-08-11 01:00:00,STRONG_BUY,NONE,,,,,0.0,0.0,0.0,0.0,0.0,0.0,994.6905788399717,119635.3842793015,119635.3842793015,119635.3842793015,0.030048939365983258,0.030048939365983258,0.030048939365983258,1.0,False,none
2025-08-18 16:00:00,2025-08-11 01:00:00,STRONG_BUY,NONE,,,,,0.0,0.0,0.0,0.0,0.0,0.0,994.6905788399717,120060.47846501756,120060.47846501756,120060.47846501756,0.03534114609218959,0.03534114609218959,0.03534114609218959,1.0,False,none
2025-08-18 17:00:00,2025-08-11 01:00:00,STRONG_BUY,LONG,2025-08-18 18:00:00,116428.98,2025-08-18 23:00:00,116155.13392857143,0.0005125994810776346,59.6814347303983,-0.1403733541094293,0.11922249610668717,0.059611248053343585,-0.31920709826946003,994.3713717417023,118870.8755875409,118870.8755875409,118870.8755875409,0.02097317504464216,0.02097317504464216,0.02097317504464216,1.0,False,trailing_sl
2025-08-18 18:00:00,2025-08-11 01:00:00,HOLD,NONE,,,,,0.0,0.0,0.0,0.0,0.0,0.0,994.3713717417023,120060.47846501756,120060.47846501756,120060.47846501756,0.030722981253618564,0.030722981253618564,0.030722981253618564,1.0,False,none
2025-08-18 19:00:00,2025-08-11 01:00:00,HOLD,NONE,,,,,0.0,0.0,0.0,0.0,0.0,0.0,994.3713717417023,119954.45621748506,119954.45621748506,119954.45621748506,0.03129861005959002,0.03129861005959002,0.03129861005959002,1.0,False,none
2025-08-18 20:00:00,2025-08-11 01:00:00,HOLD,NONE,,,,,0.0,0.0,0.0,0.0,0.0,0.0,994.3713717417023,118740.52963835349,118740.52963835349,118740.52963835349,0.020037624894592567,0.020037624894592567,0.020037624894592567,1.0,False,none
2025-08-18 21:00:00,2025-08-11 01:00:00,HOLD,NONE,,,,,0.0,0.0,0.0,0.0,0.0,0.0,994.3713717417023,119963.13213505532,119963.13213505532,119963.13213505532,0.02841123729451334,0.02841123729451334,0.02841123729451334,1.0,False,none
2025-08-18 22:00:00,2025-08-11 01:00:00,STRONG_BUY,NONE,,,,,0.0,0.0,0.0,0.0,0.0,0.0,994.3713717417023,118951.85371556417,118951.85371556417,118951.85371556417,0.021923229680381955,0.021923229680381955,0.021923229680381955,1.0,False,none
2025-08-18 23:00:00,2025-08-11 01:00:00,STRONG_BUY,NONE,,,,,0.0,0.0,0.0,0.0,0.0,0.0,994.3713717417023,118563.93150317878,118563.93150317878,118563.93150317878,0.020106175827217344,0.020106175827217344,0.020106175827217344,1.0,False,none
2025-08-19 00:00:00,2025-08-12 01:00:00,STRONG_BUY,NONE,,,,,0.0,0.0,0.0,0.0,0.0,0.0,994.3713717417023,123742.41574458379,123742.41574458379,123742.41574458379,0.0615913946767197,0.0615913946767197,0.0615913946767197,1.0,False,none
2025-08-19 01:00:00,2025-08-12 01:00:00,STRONG_BUY,NONE,,,,,0.0,0.0,0.0,0.0,0.0,0.0,994.3713717417023,122888.48810290673,122888.48810290673,122888.48810290673,0.061231524749190254,0.061231524749190254,0.061231524749190254,1.0,False,none
2025-08-19 02:00:00,2025-08-12 01:00:00,STRONG_BUY,NONE,,,,,0.0,0.0,0.0,0.0,0.0,0.0,994.3713717417023,118233.48145596254,118233.48145596254,118233.48145596254,0.02148133202118391,0.02148133202118391,0.02148133202118391,1.0,False,none
2025-08-19 03:00:00,2025-08-12 01:00:00,STRONG_BUY,NONE,,,,,0.0,0.0,0.0,0.0,0.0,0.0,994.3713717417023,123742.41574458379,123742.41574458379,123742.41574458379,0.07780172236376441,0.07780172236376441,0.07780172236376441,1.0,False,none
2025-08-19 04:00:00,2025-08-12 01:00:00,STRONG_BUY,NONE,,,,,0.0,0.0,0.0,0.0,0.0,0.0,994.3713717417023,118416.10198288839,118416.10198288839,118416.10198288839,0.026972683577742854,0.026972683577742854,0.026972683577742854,1.0,False,none
2025-08-19 05:00:00,2025-08-12 01:00:00,STRONG_BUY,LONG,2025-08-19 06:00:00,114972.9,2025-08-19 13:00:00,114973.85357142857,0.0005189247405649691,59.66228230450213,0.00049483180618289,0.11932505944081044,0.05966252972040522,-0.17849275735503278,994.1928789843473,118215.781781729,118215.781781729,118215.781781729,0.028205618730405262,0.028205618730405262,0.028205618730405262,1.0,False,trailing_sl
2025-08-19 06:00:00,2025-08-12 01:00:00,HOLD,NONE,,,,,0.0,0.0,0.0,0.0,0.0,0.0,994.1928789843473,118676.20773757111,118676.20773757111,118676.20773757111,0.031787672191339114,0.031787672191339114,0.031787672191339114,1.0,False,none
2025-08-19 07:00:00,2025-08-12 01:00:00,HOLD,NONE,,,,,0.0,0.0,0.0,0.0,0.0,0.0,994.1928789843473,121623.633633759,121623.633633759,121623.633633759,0.05779788778770473,0.05779788778770473,0.05779788778770473,1.0,False,none
2025-08-19 08:00:00,2025-08-12 01:00:00,HOLD,NONE,,,,,0.0,0.0,0.0,0.0,0.0,0.0,994.1928789843473,118800.53258981105,118800.53258981105,118800.53258981105,0.03137566656964472,0.03137566656964472,0.03137566656964472,1.0,False,none
2025-08-19 09:00:00,2025-08-12 01:00:00,HOLD,NONE,,,,,0.0,0.0,0.0,0.0,0.0,0.0,994.1928789843473,118065.59135520643,118065.59135520643,118065.59135520643,0.023784487834627815,0.023784487834627815,0.023784487834627815,1.0,False,none
2025-08-19 10:00:00,2025-08-12 01:00:00,HOLD,NONE,,,,,0.0,0.0,0.0,0.0,0.0,0.0,994.1928789843473,118065.59135520643,118065.59135520643,118065.59135520643,0.023098711916866813,0.023098711916866813,0.023098711916866813,1.0,False,none
2025-08-19 11:00:00,2025-08-12 01:00:00,HOLD,NONE,,,,,0.0,0.0,0.0,0.0,0.0,0.0,994.1928789843473,123742.41574458379,123742.41574458379,123742.41574458379,0.07128212014993315,0.07128212014993315,0.07128212014993315,1.0,False,none
2025-08-19 12:00:00,2025-08-12 01:00:00,STRONG_BUY,NONE,,,,,0.0,0.0,0.0,0.0,0.0,0.0,994.1928789843473,118783.42491643602,118783.42491643602,118783.42491643602,0.027538366711242945,0.027538366711242945,0.027538366711242945,1.0,False,none
2025-08-19 13:00:00,2025-08-12 01:00:00,STRONG_BUY,NONE,,,,,0.0,0.0,0.0,0.0,0.0,0.0,994.1928789843473,120591.80419703572,120591.80419703572,120591.80419703572,0.046876555637854325,0.046876555637854325,0.046876555637854325,1.0,False,none
2025-08-19 14:00:00,2025-08-12 01:00:00,STRONG_BUY,NONE,,,,,0.0,0.0,0.0,0.0,0.0,0.0,994.1928789843473,123742.41574458379,123742.41574458379,123742.41574458379,0.0865782002684499,0.0865782002684499,0.0865782002684499,1.0,False,none
2025-08-19 15:00:00,2025-08-12 01:00:00,STRONG_BUY,NONE,,,,,0.0,0.0,0.0,0.0,0.0,0.0,994.1928789843473,121675.39817975332,121675.39817975332,121675.39817975332,0.06933183197983199,0.06933183197983199,0.06933183197983199,1.0,False,none
2025-08-19 16:00:00,2025-08-12 01:00:00,STRONG_BUY,NONE,,,,,0.0,0.0,0.0,0.0,0.0,0.0,994.1928789843473,123742.41574458379,123742.41574458379,123742.41574458379,0.09131555676012242,0.09131555676012242,0.09131555676012242,1.0,False,none
2025-08-19 17:00:00,2025-08-12 01:00:00,STRONG_BUY,LONG,2025-08-19 18:00:00,113520.11,2025-08-20 01:00:00,112713.58499999999,0.0005254714141755222,59.651572739060846,-0.42380583231791763,0.11887933964580377,0.059439669822901886,-0.6021248417866232,993.5907541425607,118583.83536080435,118583.83536080435,118583.83536080435,0.044606416967040936,0.044606416967040936,0.044606416967040936,1.0,False,trailing_sl
2025-08-19 18:00:00,2025-08-12 01:00:00,HOLD,NONE,,,,,0.0,0.0,0.0,0.0,0.0,0.0,993.5907541425607,123742.41574458379,123742.41574458379,123742.41574458379,0.09439146154818957,0.09439146154818957,0.09439146154818957,1.0,False,none
2025-08-19 19:00:00,2025-08-12 01:00:00,HOLD,NONE,,,,,0.0,0.0,0.0,0.0,0.0,0.0,993.5907541425607,123226.88329253842,123226.88329253842,123226.88329253842,0.08922639451144732,0.08922639451144732,0.08922639451144732,1.0,False,none
2025-08-19 20:00:00,2025-08-12 01:00:00,HOLD,NONE,,,,,0.0,0.0,0.0,0.0,0.0,0.0,993.5907541425607,118363.75942430038,118363.75942430038,118363.75942430038,0.042205695639643395,0.042205695639643395,0.042205695639643395,1.0,False,none
2025-08-19 21:00:00,2025-08-12 01:00:00,HOLD,NONE,,,,,0.0,0.0,0.0,0.0,0.0,0.0,993.5907541425607,123269.06988226679,123269.06988226679,123269.06988226679,0.08684568131655054,0.08684568131655054,0.08684568131655054,1.0,False,none
2025-08-19 22:00:00,2025-08-12 01:00:00,HOLD,NONE,,,,,0.0,0.0,0.0,0.0,0.0,0.0,993.5907541425607,118720.55873020834,118720.55873020834,118720.55873020834,0.04900523219123496,0.04900523219123496,0.04900523219123496,1.0,False,none
2025-08-19 23:00:00,2025-08-12 01:00:00,HOLD,NONE,,,,,0.0,0.0,0.0,0.0,0.0,0.0,993.5907541425607,118065.59135520643,118065.59135520643,118065.59135520643,0.046004395342288666,0.046004395342288666,0.046004395342288666,1.0,False,none
2025-08-20 00:00:00,2025-08-13 01:00:00,STRONG_BUY,NONE,,,,,0.0,0.0,0.0,0.0,0.0,0.0,993.5907541425607,120245.27640683144,120245.27640683144,120245.27640683144,0.06209199629760451,0.06209199629760451,0.06209199629760451,1.0,False,none
2025-08-20 01:00:00,2025-08-13 01:00:00,STRONG_BUY,NONE,,,,,0.0,0.0,0.0,0.0,0.0,0.0,993.5907541425607,120111.30843501042,120111.30843501042,120111.30843501042,0.06296081172303022,0.06296081172303022,0.06296081172303022,1.0,False,none
2025-08-20 02:00:00,2025-08-13 01:00:00,STRONG_BUY,NONE,,,,,0.0,0.0,0.0,0.0,0.0,0.0,993.5907541425607,119401.29646979696,119401.29646979696,119401.29646979696,0.05256608213855273,0.05256608213855273,0.05256608213855273,1.0,False,none
2025-08-20 03:00:00,2025-08-13 01:00:00,STRONG_BUY,NONE,,,,,0.0,0.0,0.0,0.0,0.0,0.0,993.5907541425607,120245.27640683144,120245.27640683144,120245.27640683144,0.05918795459848275,0.05918795459848275,0.05918795459848275,1.0,False,none
2025-08-20 04:00:00,2025-08-13 01:00:00,STRONG_BUY,NONE,,,,,0.0,0.0,0.0,0.0,0.0,0.0,993.5907541425607,119424.52477426284,119424.52477426284,119424.52477426284,0.0509625797246431,0.0509625797246431,0.0509625797246431,1.0,False,none
2025-08-20 05:00:00,2025-08-13 01:00:00,STRONG_BUY,LONG,2025-08-20 06:00:00,113707.99,2025-08-20 11:00:00,113325.89357142858,0.0005242854547737027,59.61544524855365,-0.20032759982097928,0.11903056289728631,0.059515281448643154,-0.3788734441669087,993.2118806983939,119399.04517072908,119399.04517072908,119399.04517072908,0.05004964620544797,0.05004964620544797,0.05004964620544797,1.0,False,trailing_sl
