decision_time,signal_time,signal,side,entry_time,entry_price,exit_time,exit_price,units,allocation_usd,gross_pnl,fee_usd,slippage_usd,net_pnl,capital_after,median_pred,low_pred,high_pred,median_ret,low_ret,high_ret,p_pos,predict_on_returns,exit_reason,p_pos_bucket
2025-06-15 04:00:00,2025-05-18,STRONG_SELL,SHORT,2025-06-15 08:00:00,105428.0,2025-06-16 00:00:00,105723.10178571429,0.0008536631634859,90.0,-0.2519175239432202,0.1802519175239432,0.0901259587619716,-0.5222954002291351,999.4777045997708,-0.1327221818571568,-0.2054094559670888,-0.0600349077472249,-0.1327221818571568,-0.2054094559670888,-0.0600349077472249,0.0,True,trailing_sl,"(-0.001, 1.0]"
2025-06-15 20:00:00,2025-05-18,STRONG_SELL,SHORT,2025-06-16 00:00:00,105594.02,2025-06-16 04:00:00,106174.43642857144,0.0008518758298431,89.95299341397937,-0.4944427267439055,0.1804004295547026,0.0902002147773513,-0.7650433710759594,998.7126612286949,-0.0286004554130923,-0.0347116114974908,-0.0224892993286938,-0.0286004554130923,-0.0347116114974908,-0.0224892993286938,0.0,True,trailing_sl,"(-0.001, 1.0]"
2025-06-16 08:00:00,2025-05-18,STRONG_SELL,SHORT,2025-06-16 12:00:00,106884.0,2025-06-16 12:00:00,107746.26142857142,0.0008409503715297,89.88413951058253,-0.7251190687128845,0.1804933980898779,0.0902466990449389,-0.9958591658477014,997.7168020628473,-0.2280060971586831,-0.2813010778960287,-0.1747111164213375,-0.2280060971586831,-0.2813010778960287,-0.1747111164213375,0.0,True,trailing_sl,"(-0.001, 1.0]"
2025-06-16 12:00:00,2025-05-18,STRONG_SELL,SHORT,2025-06-16 16:00:00,107424.96,2025-06-16 16:00:00,108697.7375,0.0008358812717794,89.79451218565625,-1.0638908753922502,0.1806529152467047,0.0903264576233523,-1.3348702482623074,996.3819318145848,-0.1766162744909155,-0.2710231133624751,-0.0822094356193558,-0.1766162744909155,-0.2710231133624751,-0.0822094356193558,0.0,True,trailing_sl,"(-0.001, 1.0]"
2025-06-17 16:00:00,2025-05-18,STRONG_SELL,SHORT,2025-06-17 20:00:00,104686.12,2025-06-18 20:00:00,104886.78,0.0008566023257267,89.67437386331264,-0.1718858226803384,0.1795206335493056,0.0897603167746528,-0.4411667730042968,995.9407650415806,-0.0520946212882988,-0.0706807168673033,-0.0335085257092944,-0.0520946212882988,-0.0706807168673033,-0.0335085257092944,0.0,True,time_exit,"(-0.001, 1.0]"
2025-06-18 16:00:00,2025-05-18,STRONG_SELL,SHORT,2025-06-18 20:00:00,103808.41,2025-06-19 20:00:00,104658.59,0.0008634624964754,89.63466885374224,-0.7340985452534525,0.1800034362527379,0.0900017181263689,-1.0041036996325594,994.936661341948,-0.1597971450232699,-0.267659287468946,-0.0519350025775937,-0.1597971450232699,-0.267659287468946,-0.0519350025775937,0.0,True,time_exit,"(-0.001, 1.0]"
2025-06-19 20:00:00,2025-05-18,STRONG_SELL,SHORT,2025-06-20 00:00:00,104658.59,2025-06-20 04:00:00,105681.37035714286,0.0008555848069496,89.54429952077533,-0.8750753344180007,0.1799636743759686,0.0899818371879843,-1.1450208459819535,993.791640495966,-0.1621908406325956,-0.2681380265908112,-0.05624365467438,-0.1621908406325956,-0.2681380265908112,-0.05624365467438,0.0,True,trailing_sl,"(-0.001, 1.0]"
2025-06-20 00:00:00,2025-05-18,STRONG_SELL,SHORT,2025-06-20 04:00:00,104596.64,2025-06-20 04:00:00,105681.37035714286,0.0008551063174174,89.44124764463695,-0.9275597810873308,0.1798100550703612,0.0899050275351806,-1.1972748636928727,992.5943656322733,-0.0919915981777005,-0.1372717577176352,-0.0467114386377657,-0.0919915981777005,-0.1372717577176352,-0.0467114386377657,0.0,True,trailing_sl,"(-0.001, 1.0]"
2025-06-20 08:00:00,2025-05-18,STRONG_SELL,SHORT,2025-06-20 12:00:00,105977.82,2025-06-20 12:00:00,105473.93928571428,0.0008429451833119,89.33349290690458,0.4247438210709552,0.1782422419927382,0.0891211209963691,0.1573804580818479,992.751746090355,-0.1183210701515299,-0.1299733453140086,-0.1066687949890513,-0.1183210701515299,-0.1299733453140086,-0.1066687949890513,0.0,True,trailing_sl,"(-0.001, 1.0]"
2025-06-20 16:00:00,2025-05-18,STRONG_SELL,SHORT,2025-06-20 20:00:00,103307.21,2025-06-21 20:00:00,102441.82,0.0008648733921681,89.34765714813194,0.7484527848484452,0.1779468615114154,0.0889734307557077,0.481532492581322,993.2332785829364,-0.1456522531605981,-0.253055570051724,-0.0382489362694722,-0.1456522531605981,-0.253055570051724,-0.0382489362694722,0.0,True,trailing_sl,"(-0.001, 1.0]"
2025-06-21 20:00:00,2025-05-18,STRONG_SELL,SHORT,2025-06-22 00:00:00,102120.02,2025-06-22 12:00:00,100843.17607142858,0.000875352306751,89.39099507246426,1.1176882782360824,0.1776643018666924,0.0888321509333462,0.8511918254360438,994.0844704083725,-0.1437481605649914,-0.1887690688000487,-0.0987272523299342,-0.1437481605649914,-0.1887690688000487,-0.0987272523299342,0.0,True,trailing_sl,"(-0.001, 1.0]"
2025-06-22 16:00:00,2025-05-18,STRONG_SELL,SHORT,2025-06-22 20:00:00,98882.85,2025-06-22 20:00:00,100315.89571428573,0.0009047838157653,89.4676023367535,-1.2965965695376125,0.1802318012430446,0.0901159006215223,-1.5669442714021793,992.51752613697,-0.0448532164680812,-0.0524162213077008,-0.0372902116284615,-0.0448532164680812,-0.0524162213077008,-0.0372902116284615,0.0,True,trailing_sl,"(-0.001, 1.0]"
2025-06-22 20:00:00,2025-05-18,STRONG_SELL,SHORT,2025-06-23 00:00:00,100963.87,2025-06-23 12:00:00,102524.55035714286,0.0008847380488914,89.3265773523273,-1.3807932941217445,0.1800339479987763,0.0900169739993881,-1.6508442161199088,990.8666819208502,-0.2570237749497502,-0.2659787600155439,-0.2480687898839565,-0.2570237749497502,-0.2659787600155439,-0.2480687898839565,0.0,True,trailing_sl,"(-0.001, 1.0]"
2025-06-25 08:00:00,2025-05-18,STRONG_SELL,SHORT,2025-06-25 12:00:00,107198.02,2025-06-26 12:00:00,107313.6,0.0008318997064766,89.17800137287651,-0.0961509680745709,0.1784521537138276,0.0892260768569138,-0.3638291986453124,990.5028527222048,-0.1132468846293142,-0.1309275763081531,-0.0955661929504753,-0.1132468846293142,-0.1309275763081531,-0.0955661929504753,0.0,True,time_exit,"(-0.001, 1.0]"
2025-06-26 16:00:00,2025-05-18,STRONG_SELL,SHORT,2025-06-26 20:00:00,107532.97,2025-06-27 20:00:00,107047.59,0.0008290039486959,89.14525674499843,0.4023819366180229,0.1778881315533788,0.0889440657766894,0.1355497392879546,990.6384024614928,-0.1271646892625204,-0.1460623203870871,-0.1082670581379537,-0.1271646892625204,-0.1460623203870871,-0.1082670581379537,0.0,True,time_exit,"(-0.001, 1.0]"
2025-06-27 16:00:00,2025-05-18,STRONG_SELL,SHORT,2025-06-27 20:00:00,106801.02,2025-06-28 20:00:00,107296.79,0.0008347996697178,89.15745622153435,-0.4138686322560322,0.1787287810753247,0.0893643905376623,-0.6819618038690193,989.9564406576236,-0.1622839707389387,-0.2681566526120798,-0.0564112888657975,-0.1622839707389387,-0.2681566526120798,-0.0564112888657975,0.0,True,time_exit,"(-0.001, 1.0]"
2025-06-29 00:00:00,2025-05-18,STRONG_SELL,SHORT,2025-06-29 04:00:00,107210.78,2025-06-29 08:00:00,108050.73892857145,0.0008310365772843,89.09607965918613,-0.698036593059438,0.1788901959114317,0.0894450979557158,-0.9663718869265856,988.9900687706972,-0.1665539080385391,-0.2690106400719999,-0.0640971760050783,-0.1665539080385391,-0.2690106400719999,-0.0640971760050783,0.0,True,trailing_sl,"(-0.001, 1.0]"
2025-06-29 08:00:00,2025-05-18,STRONG_SELL,SHORT,2025-06-29 12:00:00,108477.12,2025-06-29 12:00:00,108494.70892857145,0.0008205334561736,89.00910618936274,-0.0144323043511121,0.1780326446830766,0.0890163223415383,-0.281481271375727,988.7085874993214,-0.2539105890753893,-0.2864819762793699,-0.2213392018714087,-0.2539105890753893,-0.2864819762793699,-0.2213392018714087,0.0,True,trailing_sl,"(-0.001, 1.0]"
2025-06-29 12:00:00,2025-05-18,STRONG_SELL,SHORT,2025-06-29 16:00:00,107750.72,2025-06-29 20:00:00,108108.82071428571,0.0008258299608108,88.98377287493892,-0.2957302988449008,0.1782632760487227,0.0891316380243613,-0.563125212917985,988.1454622864036,-0.1451325322537903,-0.2439947980677878,-0.0462702664397929,-0.1451325322537903,-0.2439947980677878,-0.0462702664397929,0.0,True,trailing_sl,"(-0.001, 1.0]"
2025-06-29 16:00:00,2025-05-18,STRONG_SELL,SHORT,2025-06-29 20:00:00,107406.8,2025-06-29 20:00:00,108108.82071428571,0.0008280024319296,88.93309160577631,-0.5812748586935242,0.1784474580702461,0.089223729035123,-0.8489460457988934,987.2965162406044,-0.1274815561736628,-0.2090084678350264,-0.0459546445122992,-0.1274815561736628,-0.2090084678350264,-0.0459546445122992,0.0,True,trailing_sl,"(-0.001, 1.0]"
2025-06-30 16:00:00,2025-05-18,STRONG_SELL,SHORT,2025-06-30 20:00:00,107745.97,2025-07-01 12:00:00,106908.46142857143,0.0008246868672828,88.8566864616544,0.6906823200939791,0.1770226906032148,0.0885113453016074,0.4251482841891568,987.7216645247936,-0.1181045653804192,-0.2029068227514747,-0.0333023080093636,-0.1181045653804192,-0.2029068227514747,-0.0333023080093636,0.0,True,trailing_sl,"(-0.001, 1.0]"
2025-07-01 20:00:00,2025-05-18,STRONG_SELL,SHORT,2025-07-02 00:00:00,105681.13,2025-07-02 04:00:00,106431.2675,0.0008411619918071,88.89494980723143,-0.6309871536292412,0.1784208867680921,0.089210443384046,-0.8986184837813793,986.8230460410124,-0.1835523210308864,-0.2333744991001837,-0.1337301429615891,-0.1835523210308864,-0.2333744991001837,-0.1337301429615891,0.0,True,trailing_sl,"(-0.001, 1.0]"
2025-07-02 00:00:00,2025-05-18,STRONG_SELL,SHORT,2025-07-02 04:00:00,106194.7,2025-07-02 08:00:00,107448.56607142858,0.0008363324548559,88.8140741436911,-1.0486488895784494,0.1786767971769606,0.0893383985884803,-1.3166640853438905,985.5063819556684,-0.118631347411786,-0.1886279024937555,-0.0486347923298165,-0.118631347411786,-0.1886279024937555,-0.0486347923298165,0.0,True,trailing_sl,"(-0.001, 1.0]"
2025-07-02 16:00:00,2025-05-18,STRONG_SELL,SHORT,2025-07-02 20:00:00,109676.14,2025-07-03 08:00:00,109954.57714285712,0.0008087043761387,88.69557437601016,-0.2251733359081431,0.1776163220879284,0.0888081610439642,-0.4915978190400358,985.0147841366284,-0.1276314633571854,-0.1926132442984617,-0.062649682415909,-0.1276314633571854,-0.1926132442984617,-0.062649682415909,0.0,True,trailing_sl,"(-0.001, 1.0]"
2025-07-03 04:00:00,2025-05-18,STRONG_SELL,SHORT,2025-07-03 08:00:00,109279.99,2025-07-03 12:00:00,110365.88321428571,0.0008112311373042,88.65133057229654,-0.8809103872159576,0.178183571531809,0.0890917857659045,-1.1481857445136712,983.8665983921148,-0.136748591522167,-0.2004698163327278,-0.0730273667116062,-0.136748591522167,-0.2004698163327278,-0.0730273667116062,0.0,True,trailing_sl,"(-0.001, 1.0]"
2025-07-03 20:00:00,2025-05-18,STRONG_SELL,SHORT,2025-07-04 00:00:00,109584.77,2025-07-04 12:00:00,108947.78464285714,0.0008080319359641,88.54799385529031,0.514704511312992,0.1765812831992676,0.0882906415996338,0.2498325865140905,984.1164309786288,-0.1705537825737529,-0.2698106149790427,-0.0712969501684632,-0.1705537825737529,-0.2698106149790427,-0.0712969501684632,0.0,True,trailing_sl,"(-0.001, 1.0]"
2025-07-04 08:00:00,2025-05-18,STRONG_SELL,SHORT,2025-07-04 12:00:00,108888.0,2025-07-04 12:00:00,108947.78464285714,0.0008134089962904,88.5704787880766,-0.0486293663400068,0.1771895869424932,0.0885947934712466,-0.3144137467537466,983.8020172318752,-0.1536964468262538,-0.2664391478295428,-0.0409537458229647,-0.1536964468262538,-0.2664391478295428,-0.0409537458229647,0.0,True,trailing_sl,"(-0.001, 1.0]"
2025-07-04 20:00:00,2025-05-18,STRONG_SELL,SHORT,2025-07-05 00:00:00,107984.25,2025-07-06 00:00:00,108050.49,0.000819954591071,88.54218155086875,-0.0543137921125535,0.17713867689385,0.088569338446925,-0.3200218074533286,983.4819954244216,-0.1356141303870679,-0.2191898456142639,-0.0520384151598719,-0.1356141303870679,-0.2191898456142639,-0.0520384151598719,0.0,True,time_exit,"(-0.001, 1.0]"
2025-07-05 20:00:00,2025-05-18,STRONG_SELL,SHORT,2025-07-06 00:00:00,108198.12,2025-07-06 12:00:00,108565.64428571428,0.0008180676299014,88.51337958819795,-0.3006597213455285,0.1773274188977414,0.0886637094488707,-0.5666508496921406,982.9153445747296,-0.143603479400577,-0.1543326186963895,-0.1328743401047644,-0.143603479400577,-0.1543326186963895,-0.1328743401047644,0.0,True,trailing_sl,"(-0.001, 1.0]"
2025-07-06 16:00:00,2025-05-18,STRONG_SELL,SHORT,2025-07-06 20:00:00,108538.45,2025-07-06 20:00:00,109329.1675,0.0008150326544346,88.46238101172565,-0.644460582932952,0.1775692226063842,0.0887846113031921,-0.9108144168425284,982.0045301578872,-0.0119171185950783,-0.0165429367568031,-0.0072913004333535,-0.0119171185950783,-0.0165429367568031,-0.0072913004333535,0.0,True,trailing_sl,"(-0.001, 1.0]"
2025-07-07 16:00:00,2025-05-18,STRONG_SELL,SHORT,2025-07-07 20:00:00,108056.67,2025-07-08 00:00:00,108461.98357142856,0.0008179079339962,88.38040771420984,-0.3315091858277691,0.1770923246142474,0.0885461623071237,-0.5971476727491403,981.407382485138,-0.1155431964209828,-0.1164267161739862,-0.1146596766679794,-0.1155431964209828,-0.1164267161739862,-0.1146596766679794,0.0,True,trailing_sl,"(-0.001, 1.0]"
2025-07-07 20:00:00,2025-05-18,STRONG_SELL,SHORT,2025-07-08 00:00:00,108262.94,2025-07-08 00:00:00,108461.98357142856,0.0008158531850664,88.32666442366242,-0.1623903317170088,0.1768157191790418,0.0884078595895209,-0.4276139104855715,980.9797685746524,-0.1555953735763712,-0.2331854917162954,-0.0780052554364469,-0.1555953735763712,-0.2331854917162954,-0.0780052554364469,0.0,True,trailing_sl,"(-0.001, 1.0]"
2025-07-08 04:00:00,2025-05-18,STRONG_SELL,SHORT,2025-07-08 08:00:00,108484.61,2025-07-09 08:00:00,109058.27,0.0008138313736088,88.28817917171871,-0.4668625057844468,0.1770432208492218,0.0885216104246109,-0.7324273370582797,980.247341237594,-0.063787478427133,-0.0753988454066679,-0.052176111447598,-0.063787478427133,-0.0753988454066679,-0.052176111447598,0.0,True,time_exit,"(-0.001, 1.0]"
2025-07-09 12:00:00,2025-05-18,STRONG_SELL,SHORT,2025-07-09 16:00:00,109071.32,2025-07-09 16:00:00,110480.9875,0.0008088492988934,88.22226071138347,-1.1402085690478834,0.1775847299918148,0.0887923649959074,-1.4065856640356056,978.8407555735586,-0.0426748878831879,-0.067625763086605,-0.0177240126797708,-0.0426748878831879,-0.067625763086605,-0.0177240126797708,0.0,True,trailing_sl,"(-0.001, 1.0]"
2025-07-09 20:00:00,2025-05-18,STRONG_SELL,SHORT,2025-07-10 00:00:00,111234.0,2025-07-10 16:00:00,111938.92428571428,0.0007919850765199,88.09566800162027,-0.5582895143621974,0.1767496255176027,0.0883748127588013,-0.8234139526386015,978.01734162092,-0.2702274333489366,-0.2897453451340794,-0.2507095215637938,-0.2702274333489366,-0.2897453451340794,-0.2507095215637938,0.0,True,trailing_sl,"(-0.001, 1.0]"
2025-07-10 20:00:00,2025-05-18,STRONG_SELL,SHORT,2025-07-11 00:00:00,116010.01,2025-07-11 04:00:00,117193.04,0.0007587410840313,88.0215607458828,-0.8976134646415675,0.1769407349564071,0.0884703674782035,-1.163024567076178,976.8543170538438,-0.2534189053587564,-0.2699456571474194,-0.2368921535700935,-0.2534189053587564,-0.2699456571474194,-0.2368921535700935,0.0,True,trailing_sl,"(-0.001, 1.0]"
2025-07-12 04:00:00,2025-05-18,STRONG_SELL,SHORT,2025-07-12 08:00:00,117731.99,2025-07-13 08:00:00,118072.01,0.0007467544593007,87.91688853484594,-0.2539114512514177,0.1760876885209433,0.0880438442604716,-0.5180429840328327,976.336274069811,-0.0451559446572235,-0.0658911885406806,-0.0244207007737664,-0.0451559446572235,-0.0658911885406806,-0.0244207007737664,0.0,True,time_exit,"(-0.001, 1.0]"
2025-07-13 12:00:00,2025-06-15,STRONG_SELL,SHORT,2025-07-13 16:00:00,118672.23,2025-07-14 00:00:00,119468.10964285712,0.0007404450448625,87.87026466628299,-0.5893051378605036,0.1763298344704265,0.0881649172352132,-0.8537998895661434,975.4824741802448,-0.1089083895211663,-0.1656948970684324,-0.0521218819739002,-0.1089083895211663,-0.1656948970684324,-0.0521218819739002,0.0,True,trailing_sl,"(-0.001, 1.0]"
2025-07-13 20:00:00,2025-06-15,STRONG_SELL,SHORT,2025-07-14 00:00:00,119086.65,2025-07-14 00:00:00,120242.47607142857,0.0007372230445328,87.79342267622204,-0.8521016153290549,0.1764389469677731,0.0882194734838865,-1.1167600357807146,974.3657141444642,-0.0375445026145072,-0.0466161401337739,-0.0284728650952405,-0.0375445026145072,-0.0466161401337739,-0.0284728650952405,0.0,True,trailing_sl,"(-0.001, 1.0]"
2025-07-14 04:00:00,2025-06-15,STRONG_BUY,LONG,2025-07-14 08:00:00,122736.04,2025-07-14 12:00:00,121174.165,0.0007144838164324,87.69291427300178,-1.1159344107903708,0.1742698941352131,0.0871349470676065,-1.3773392519931906,972.988374892471,0.0667489432212985,0.0511528741465736,0.0823450122960235,0.0667489432212985,0.0511528741465736,0.0823450122960235,1.0,True,trailing_sl,"(-0.001, 1.0]"
2025-07-14 08:00:00,2025-06-15,STRONG_SELL,SHORT,2025-07-14 12:00:00,121467.23,2025-07-14 12:00:00,121416.71214285714,0.0007209265720501,87.56895374032239,0.0364196655773157,0.1751014878150674,0.0875507439075337,-0.2262325661452854,972.7621423263256,-0.2590706539612499,-0.3614100371872162,-0.1567312707352836,-0.2590706539612499,-0.3614100371872162,-0.1567312707352836,0.0,True,trailing_sl,"(-0.001, 1.0]"
2025-07-14 16:00:00,2025-06-15,STRONG_BUY,LONG,2025-07-14 20:00:00,119939.42,2025-07-15 00:00:00,118565.68392857142,0.000729940104841,87.54859280936931,-1.002745052002444,0.1740944405667361,0.087047220283368,-1.2638867128525484,971.4982556134732,0.2144613723058107,0.1440844261569086,0.2848383184547128,0.2144613723058107,0.1440844261569086,0.2848383184547128,1.0,True,trailing_sl,"(-0.001, 1.0]"
2025-07-17 12:00:00,2025-06-15,STRONG_BUY,LONG,2025-07-17 16:00:00,118881.99,2025-07-17 20:00:00,118744.50035714288,0.0007354759371475,87.43484300521258,-0.1011203239284315,0.1747685656864967,0.0873842828432483,-0.3632731724581766,971.1349824410148,0.0321059709433031,0.0123233706368084,0.0518885712497979,0.0321059709433031,0.0123233706368084,0.0518885712497979,1.0,True,trailing_sl,"(-0.001, 1.0]"
2025-07-17 16:00:00,2025-06-15,STRONG_BUY,LONG,2025-07-17 20:00:00,118959.66,2025-07-17 20:00:00,118744.50035714288,0.0007347208996704,87.40214841969134,-0.1580822863727682,0.1746462145530099,0.0873231072765049,-0.4200516082022831,970.7149308328128,0.1963339499226372,0.1562754041170928,0.2363924957281817,0.1963339499226372,0.1562754041170928,0.2363924957281817,1.0,True,trailing_sl,"(-0.001, 1.0]"
2025-07-17 20:00:00,2025-06-15,STRONG_SELL,SHORT,2025-07-18 00:00:00,119177.56,2025-07-19 00:00:00,118322.54,0.0007330603494059,87.36434377495314,0.6267812599491112,0.1741019062899571,0.0870509531449785,0.3656284005141754,971.0805592333268,-0.2205156520224082,-0.3536990367994478,-0.0873322672453686,-0.2205156520224082,-0.3536990367994478,-0.0873322672453686,0.0,True,time_exit,"(-0.001, 1.0]"
2025-07-18 20:00:00,2025-06-15,STRONG_BUY,LONG,2025-07-19 00:00:00,117924.84,2025-07-20 00:00:00,117958.01,0.0007411267238607,87.39725033099941,0.0245831734304587,0.1748190838354293,0.0874095419177146,-0.2376454523226852,970.8429137810042,0.1762774067921189,0.1734712569509282,0.1790835566333096,0.1762774067921189,0.1734712569509282,0.1790835566333096,1.0,True,time_exit,"(-0.001, 1.0]"
2025-07-19 20:00:00,2025-06-15,STRONG_SELL,SHORT,2025-07-20 00:00:00,117840.01,2025-07-20 20:00:00,117655.91892857142,0.0007414787408817,87.37586224029037,0.1364996158504253,0.1746152248647303,0.0873076124323651,-0.1254232214466701,970.7174905595576,-0.1713740879941852,-0.2381962877245788,-0.1045518882637915,-0.1713740879941852,-0.2381962877245788,-0.1045518882637915,0.0,True,trailing_sl,"(-0.001, 1.0]"
2025-07-20 20:00:00,2025-06-15,STRONG_SELL,SHORT,2025-07-21 00:00:00,117265.11,2025-07-21 00:00:00,117828.75357142856,0.0007450176284349,87.36457415036017,-0.4199243968682962,0.1751490726975886,0.0875745363487943,-0.6826480059146791,970.0348425536428,-0.2653675918176288,-0.3331708754584928,-0.1975643081767647,-0.2653675918176288,-0.3331708754584928,-0.1975643081767647,0.0,True,trailing_sl,"(-0.001, 1.0]"
2025-07-21 00:00:00,2025-06-15,STRONG_BUY,LONG,2025-07-21 04:00:00,118404.01,2025-07-21 04:00:00,118333.09214285716,0.0007373325939706,87.30313582982785,-0.0522900475659776,0.1745539816120897,0.0872769908060448,-0.3141210199841122,969.7207215336588,0.1883850695749525,0.1094420375651506,0.2673281015847545,0.1883850695749525,0.1094420375651506,0.2673281015847545,1.0,True,trailing_sl,"(-0.001, 1.0]"
2025-07-21 12:00:00,2025-06-15,STRONG_BUY,LONG,2025-07-21 16:00:00,118313.16,2025-07-21 16:00:00,116735.81,0.0007376598253146,87.27486493802928,-1.1635477254601347,0.1733861821505984,0.0866930910752992,-1.4236269986860324,968.2970945349728,0.2322846287019053,0.1761662876698788,0.2884029697339317,0.2322846287019053,0.1761662876698788,0.2884029697339317,1.0,True,trailing_sl,"(-0.001, 1.0]"
2025-07-21 16:00:00,2025-06-15,STRONG_BUY,LONG,2025-07-21 20:00:00,116767.67,2025-07-22 04:00:00,116639.62892857144,0.0007463259180229,87.14673850814755,-0.0955603701785645,0.1741979166461165,0.0870989583230582,-0.3568572451477394,967.9402372898252,0.1041101067017476,0.0445962211591765,0.1636239922443187,0.1041101067017476,0.0445962211591765,0.1636239922443187,1.0,True,trailing_sl,"(-0.001, 1.0]"
2025-07-22 12:00:00,2025-06-15,STRONG_SELL,SHORT,2025-07-22 16:00:00,118912.04,2025-07-23 16:00:00,118393.64,0.0007325971479093,87.11462135608426,0.3797783614762102,0.1738494643506923,0.0869247321753461,0.1190041649501717,968.0592414547752,-0.126578568111917,-0.1637898748634758,-0.0893672613603581,-0.126578568111917,-0.1637898748634758,-0.0893672613603581,0.0,True,time_exit,"(-0.001, 1.0]"
2025-07-23 16:00:00,2025-06-15,STRONG_SELL,SHORT,2025-07-23 20:00:00,118393.64,2025-07-24 12:00:00,119227.72357142858,0.0007358953718369,87.12533173092977,-0.6137982399395235,0.1748644617017991,0.0874322308508995,-0.8760949324922221,967.183146522283,-0.1365798487189545,-0.1727684066959763,-0.1003912907419326,-0.1365798487189545,-0.1727684066959763,-0.1003912907419326,0.0,True,trailing_sl,"(-0.001, 1.0]"
2025-07-24 08:00:00,2025-06-15,STRONG_BUY,LONG,2025-07-24 12:00:00,118600.0,2025-07-25 00:00:00,117474.07035714286,0.0007339501111889,87.04648318700546,-0.8263761865658944,0.173266590187445,0.0866332950937225,-1.086276071847062,966.096870450436,0.1316317998240493,0.0941352687793196,0.1691283308687791,0.1316317998240493,0.0941352687793196,0.1691283308687791,1.0,True,trailing_sl,"(-0.001, 1.0]"
2025-07-24 20:00:00,2025-06-15,STRONG_SELL,SHORT,2025-07-25 00:00:00,118340.98,2025-07-25 00:00:00,117250.09071428572,0.0007347304233963,86.94871834053923,0.8015095467713957,0.173095927134307,0.0865479635671535,0.5418656560699351,966.638736106506,-0.1971658719314671,-0.339067830392088,-0.0552639134708463,-0.1971658719314671,-0.339067830392088,-0.0552639134708463,0.0,True,trailing_sl,"(-0.001, 1.0]"
2025-07-25 08:00:00,2025-06-15,STRONG_SELL,SHORT,2025-07-25 12:00:00,116543.59,2025-07-25 20:00:00,117001.2575,0.0007464802332722,86.99748624958553,-0.3416397421611247,0.1743366122413322,0.0871683061206661,-0.603144660523123,966.0355914459828,-0.1175744214865599,-0.1304576905055566,-0.1046911524675633,-0.1175744214865599,-0.1304576905055566,-0.1046911524675633,0.0,True,trailing_sl,"(-0.001, 1.0]"
2025-07-25 20:00:00,2025-06-15,STRONG_BUY,LONG,2025-07-26 00:00:00,117614.31,2025-07-27 00:00:00,118182.83,0.0007392230012669,86.94320323013845,0.4202630606802749,0.1743066695209571,0.0871533347604785,0.1588030563988391,966.1943945023816,0.1898371056875177,0.1807693920414727,0.1989048193335626,0.1898371056875177,0.1807693920414727,0.1989048193335626,1.0,True,time_exit,"(-0.001, 1.0]"
2025-07-26 20:00:00,2025-06-15,STRONG_BUY,LONG,2025-07-27 00:00:00,117919.99,2025-07-27 20:00:00,118738.00571428573,0.000737427941651,86.95749550521435,0.6032276444239352,0.1745182186548526,0.0872591093274263,0.3414503164416562,966.5358448188232,0.1729713927276131,0.1001319480563588,0.2458108373988674,0.1729713927276131,0.1001319480563588,0.2458108373988674,1.0,True,trailing_sl,"(-0.001, 1.0]"
2025-07-28 00:00:00,2025-06-15,STRONG_BUY,LONG,2025-07-28 04:00:00,119287.99,2025-07-28 08:00:00,118761.08321428573,0.0007292287013444,86.98822603369409,-0.384235551076022,0.1735922165163121,0.086796108258156,-0.6446238758504903,965.8912209429728,0.2022848548321268,0.1221666947042776,0.282403014959976,0.2022848548321268,0.1221666947042776,0.282403014959976,1.0,True,trailing_sl,"(-0.001, 1.0]"
2025-07-28 12:00:00,2025-06-15,STRONG_BUY,LONG,2025-07-28 16:00:00,118174.89,2025-07-29 00:00:00,117602.56285714284,0.0007356064379232,86.93020988486755,-0.4210075308839152,0.1734394122388511,0.0867197061194255,-0.681166649242192,965.2100542937306,0.0888351954955717,0.0312735340303319,0.1463968569608114,0.0888351954955717,0.0312735340303319,0.1463968569608114,1.0,True,trailing_sl,"(-0.001, 1.0]"
2025-07-29 00:00:00,2025-06-15,STRONG_BUY,LONG,2025-07-29 04:00:00,118764.85,2025-07-29 12:00:00,118026.2192857143,0.0007314361520806,86.86890488643576,-0.5402612074657237,0.1731975485654057,0.0865987742827028,-0.8000575303138324,964.4099967634168,0.1977790758748022,0.1140562925810933,0.2815018591685111,0.1977790758748022,0.1140562925810933,0.2815018591685111,1.0,True,trailing_sl,"(-0.001, 1.0]"
2025-07-29 08:00:00,2025-06-15,STRONG_BUY,LONG,2025-07-29 12:00:00,118592.38,2025-07-29 12:00:00,117641.43678571428,0.000731892721174,86.79689970870751,-0.6959884167855819,0.1728978110006294,0.0864489055003147,-0.955335133286526,963.4546616301304,0.1909557959159377,0.1091965184217868,0.2727150734100886,0.1909557959159377,0.1091965184217868,0.2727150734100886,1.0,True,trailing_sl,"(-0.001, 1.0]"
2025-07-29 12:00:00,2025-06-15,STRONG_BUY,LONG,2025-07-29 16:00:00,117400.02,2025-07-30 16:00:00,117219.19,0.0007385937374347,86.71091954671172,-0.133559905540323,0.1732882791878831,0.0866441395939415,-0.3934923243221477,963.0611693058082,0.1905094510906403,0.1809038611220973,0.2001150410591834,0.1905094510906403,0.1809038611220973,0.2001150410591834,1.0,True,trailing_sl,"(-0.001, 1.0]"
2025-07-30 16:00:00,2025-06-15,STRONG_SELL,SHORT,2025-07-30 20:00:00,116916.73,2025-07-31 04:00:00,118608.115,0.0007413439055088,86.67550523752274,-1.253897961619079,0.1746049084366645,0.0873024542183322,-1.515805324274076,961.545363981534,-0.1655130410705119,-0.2468926234611226,-0.0841334586799012,-0.1655130410705119,-0.2468926234611226,-0.0841334586799012,0.0,True,trailing_sl,"(-0.001, 1.0]"
2025-08-01 00:00:00,2025-06-15,STRONG_SELL,SHORT,2025-08-01 04:00:00,115648.03,2025-08-01 12:00:00,115975.58428571429,0.0007482970765549,86.53908275833807,-0.2451079144130422,0.1733232734310892,0.0866616367155446,-0.5050928245596761,961.0402711569744,-0.1092960595071013,-0.1663500017146592,-0.0522421172995434,-0.1092960595071013,-0.1663500017146592,-0.0522421172995434,0.0,True,trailing_sl,"(-0.001, 1.0]"
2025-08-01 08:00:00,2025-06-15,STRONG_SELL,SHORT,2025-08-01 12:00:00,115305.64,2025-08-01 12:00:00,115975.58428571429,0.0007501248369475,86.4936244041277,-0.5025418480853413,0.1734897906563407,0.0867448953281703,-0.7627765340698525,960.2774946229046,-0.2070694737762141,-0.351009801150209,-0.0631291464022192,-0.2070694737762141,-0.351009801150209,-0.0631291464022192,0.0,True,trailing_sl,"(-0.001, 1.0]"
2025-08-01 20:00:00,2025-06-15,STRONG_SELL,SHORT,2025-08-02 00:00:00,113297.92,2025-08-03 00:00:00,113604.2,0.0007628116607618,86.42497451606141,-0.2336339554581336,0.1730835829875809,0.0865417914937904,-0.4932593299395051,959.784235292965,-0.0981690436586877,-0.1614316372870076,-0.0349064500303677,-0.0981690436586877,-0.1614316372870076,-0.0349064500303677,0.0,True,time_exit,"(-0.001, 1.0]"
2025-08-02 20:00:00,2025-06-15,STRONG_SELL,SHORT,2025-08-03 00:00:00,112546.35,2025-08-03 08:00:00,113929.53071428572,0.0007675111736308,86.38058117636685,-1.0616066533649666,0.1738227690060986,0.0869113845030493,-1.3223408068741147,958.461894486091,-0.1429891829565494,-0.1545125252197919,-0.1314658406933067,-0.1429891829565494,-0.1545125252197919,-0.1314658406933067,0.0,True,trailing_sl,"(-0.001, 1.0]"
2025-08-04 00:00:00,2025-06-15,STRONG_BUY,LONG,2025-08-04 04:00:00,114570.61,2025-08-04 12:00:00,114137.12964285714,0.0007529118550014,86.26157050374819,-0.3263724998031266,0.1721967685076932,0.0860983842538466,-0.5846676525646665,957.8772268335264,0.2404675093109499,0.1908954727661592,0.2900395458557406,0.2404675093109499,0.1908954727661592,0.2900395458557406,1.0,True,trailing_sl,"(-0.001, 1.0]"
2025-08-04 16:00:00,2025-06-15,STRONG_SELL,SHORT,2025-08-04 20:00:00,114777.62,2025-08-05 08:00:00,114985.10178571429,0.0007510954697877,86.20895041501736,-0.1558386293134726,0.1725737394593481,0.086286869729674,-0.4146992385024949,957.4625275950236,-0.1210622730098477,-0.13499717377628,-0.1071273722434155,-0.1210622730098477,-0.13499717377628,-0.1071273722434155,0.0,True,trailing_sl,"(-0.001, 1.0]"
2025-08-05 16:00:00,2025-06-15,STRONG_SELL,SHORT,2025-08-05 20:00:00,113616.51,2025-08-06 12:00:00,114762.19607142857,0.0007584428309191,86.17162748355213,-0.8689373873589078,0.1732121923544631,0.0866060961772315,-1.1287556758906026,956.3337719191333,-0.0898298104250202,-0.1230537568873903,-0.05660586396265,-0.0898298104250202,-0.1230537568873903,-0.05660586396265,0.0,True,trailing_sl,"(-0.001, 1.0]"
2025-08-06 12:00:00,2025-06-15,STRONG_SELL,SHORT,2025-08-06 16:00:00,115413.87,2025-08-07 08:00:00,115757.11857142855,0.0007457512643213,86.07003947272197,-0.255978056119361,0.1723960570015633,0.0861980285007816,-0.514572141621706,955.8191997775116,-0.0558173883377574,-0.0741557871717447,-0.0374789895037701,-0.0558173883377574,-0.0741557871717447,-0.0374789895037701,0.0,True,trailing_sl,"(-0.001, 1.0]"
2025-08-07 04:00:00,2025-06-15,STRONG_BUY,LONG,2025-08-07 08:00:00,114787.99,2025-08-07 08:00:00,115205.45535714284,0.0007494140108209,86.02372797997603,0.3128543876752159,0.1723603103476272,0.0861801551738136,0.0543139221537749,955.8735136996652,0.12939469770981,0.0438986632955463,0.2148907321240738,0.12939469770981,0.0438986632955463,0.2148907321240738,1.0,True,trailing_sl,"(-0.001, 1.0]"
2025-08-07 08:00:00,2025-06-15,STRONG_BUY,LONG,2025-08-07 12:00:00,116519.54,2025-08-07 16:00:00,115821.50821428571,0.0007383192229644,86.02861623296987,-0.515370285633023,0.1715418621803067,0.0857709310901533,-0.7726830789034831,955.1008306207618,0.1824784545217212,0.0925398101925976,0.2724170988508447,0.1824784545217212,0.0925398101925976,0.2724170988508447,1.0,True,trailing_sl,"(-0.001, 1.0]"
2025-08-07 16:00:00,2025-06-15,STRONG_BUY,LONG,2025-08-07 20:00:00,117461.99,2025-08-08 12:00:00,116107.86535714286,0.0007318033242572,85.95907475586856,-0.9909529151014832,0.1709271965966356,0.0854635982983178,-1.2473437099964366,953.8534869107654,0.0939677732039099,0.0231855930142887,0.1647499533935311,0.0939677732039099,0.0231855930142887,0.1647499533935311,1.0,True,trailing_sl,"(-0.001, 1.0]"
2025-08-08 16:00:00,2025-06-15,STRONG_BUY,LONG,2025-08-08 20:00:00,116453.41,2025-08-09 16:00:00,116525.10035714286,0.0007371773297318,85.84681382196888,0.0528485060460933,0.1717464761499838,0.0858732380749919,-0.2047712081788824,953.6487157025864,0.1566345700977893,0.1530194977693732,0.1602496424262053,0.1566345700977893,0.1530194977693732,0.1602496424262053,1.0,True,trailing_sl,"(-0.001, 1.0]"
2025-08-09 20:00:00,2025-07-13,STRONG_BUY,LONG,2025-08-10 00:00:00,116462.25,2025-08-10 00:00:00,117254.17928571429,0.0007369631310852,85.82838441323278,0.5836226859981035,0.1722403915124636,0.0861201957562318,0.325262098729408,953.973977801316,0.1084728814093046,0.1065679244655321,0.1103778383530771,0.1084728814093046,0.1065679244655321,0.1103778383530771,1.0,True,trailing_sl,"(-0.001, 1.0]"
2025-08-10 16:00:00,2025-07-13,STRONG_SELL,SHORT,2025-08-10 20:00:00,118663.09,2025-08-11 00:00:00,119394.56357142856,0.0007235413977684,85.85765800211843,-0.5292514103020829,0.1722445674145389,0.0861222837072694,-0.7876182614238914,953.186359539892,-0.1109876745565916,-0.1675599561552312,-0.054415392957952,-0.1109876745565916,-0.1675599561552312,-0.054415392957952,0.0,True,trailing_sl,"(-0.001, 1.0]"
2025-08-10 20:00:00,2025-07-13,STRONG_SELL,SHORT,2025-08-11 00:00:00,119294.27,2025-08-11 00:00:00,120538.33714285714,0.0007191189682336,85.78677235859028,-0.8946322801848489,0.1724681769973654,0.0862340884986827,-1.153334545680897,952.0330249942112,-0.0549251562300448,-0.0923247628270453,-0.0175255496330444,-0.0549251562300448,-0.0923247628270453,-0.0175255496330444,0.0,True,trailing_sl,"(-0.001, 1.0]"
2025-08-11 08:00:00,2025-07-13,STRONG_SELL,SHORT,2025-08-11 12:00:00,120561.53,2025-08-11 16:00:00,120484.89357142858,0.0007106991114784,85.682972249479,0.0544654416925895,0.1713114790572654,0.0856557395286327,-0.2025017768933086,951.8305232173178,-0.1504843170245818,-0.196343413672362,-0.1046252203768016,-0.1504843170245818,-0.196343413672362,-0.1046252203768016,0.0,True,trailing_sl,"(-0.001, 1.0]"
2025-08-11 16:00:00,2025-07-13,STRONG_BUY,LONG,2025-08-11 20:00:00,119089.3,2025-08-12 20:00:00,120134.08,0.0007193320230243,85.6647470895586,0.7515437110154223,0.1720810378901326,0.0860405189450663,0.4934221541802233,952.323945371498,0.1094611838570492,0.1067655849550811,0.1121567827590173,0.1094611838570492,0.1067655849550811,0.1121567827590173,1.0,True,time_exit,"(-0.001, 1.0]"
2025-08-12 20:00:00,2025-07-13,STRONG_BUY,LONG,2025-08-13 00:00:00,120134.09,2025-08-13 12:00:00,120345.28107142856,0.0007134457428647,85.70915508343482,0.1506733708417706,0.1715689835377114,0.0857844917688557,-0.1066801044647964,952.2172652670332,0.082326229025986,0.0633138640631036,0.1013385939888684,0.082326229025986,0.0633138640631036,0.1013385939888684,1.0,True,trailing_sl,"(-0.001, 1.0]"
2025-08-13 12:00:00,2025-07-13,STRONG_SELL,SHORT,2025-08-13 16:00:00,120920.61,2025-08-13 16:00:00,122775.32892857144,0.0007087257819327,85.699553874033,-1.3144871229172244,0.1727135948709832,0.0863567974354916,-1.5735575152236991,950.6437077518096,-0.1191152213673945,-0.1392347167648991,-0.09899572596989,-0.1191152213673945,-0.1392347167648991,-0.09899572596989,0.0,True,trailing_sl,"(-0.001, 1.0]"
2025-08-13 20:00:00,2025-07-13,STRONG_SELL,SHORT,2025-08-14 00:00:00,123306.44,2025-08-14 04:00:00,123221.40678571428,0.0006938642758453,85.55793369766286,0.0590015096531615,0.1710568658856725,0.0855284329428362,-0.1975837891753472,950.4461239626344,-0.1472608612367302,-0.1496578777346941,-0.1448638447387662,-0.1472608612367302,-0.1496578777346941,-0.1448638447387662,0.0,True,trailing_sl,"(-0.001, 1.0]"
2025-08-14 00:00:00,2025-07-13,STRONG_SELL,SHORT,2025-08-14 04:00:00,123337.14,2025-08-14 04:00:00,123221.40678571428,0.0006935473869155,85.54015115663708,0.0802664683471978,0.1710000358449269,0.0855000179224634,-0.1762335854201926,950.269890377214,-0.0841056454695828,-0.1028140506804804,-0.0653972402586852,-0.0841056454695828,-0.1028140506804804,-0.0653972402586852,0.0,True,trailing_sl,"(-0.001, 1.0]"
2025-08-15 04:00:00,2025-07-13,STRONG_BUY,LONG,2025-08-15 08:00:00,118956.45,2025-08-15 12:00:00,116942.04785714284,0.0007189546269575,85.52429013394926,-1.4482637411604282,0.1696003165267381,0.084800158263369,-1.7026642159505354,948.5672261612636,0.0905394338339421,0.0837736191439074,0.0973052485239768,0.0905394338339421,0.0837736191439074,0.0973052485239768,1.0,True,trailing_sl,"(-0.001, 1.0]"
2025-08-15 08:00:00,2025-07-13,STRONG_SELL,SHORT,2025-08-15 12:00:00,119006.01,2025-08-16 12:00:00,117676.7,0.000717367554416,85.37105035451371,0.9536038637608172,0.1697884968452666,0.0848942484226333,0.6989211184929173,949.2661472797564,-0.1026596493133078,-0.1240578837391925,-0.0812614148874231,-0.1026596493133078,-0.1240578837391925,-0.0812614148874231,0.0,True,time_exit,"(-0.001, 1.0]"
2025-08-16 12:00:00,2025-07-13,STRONG_SELL,SHORT,2025-08-16 16:00:00,117676.7,2025-08-17 08:00:00,118381.32035714286,0.0007260056855365,85.43395325517807,-0.5115583854305079,0.1713794648957866,0.0856897324478933,-0.768627582774188,948.4975196969822,-0.0521783392596515,-0.0744706905457976,-0.0298859879735055,-0.0521783392596515,-0.0744706905457976,-0.0298859879735055,0.0,True,trailing_sl,"(-0.001, 1.0]"
2025-08-17 04:00:00,2025-07-13,STRONG_SELL,SHORT,2025-08-17 08:00:00,118005.98,2025-08-18 00:00:00,116103.28,0.0007233936515143,85.36477677272839,1.376401100736336,0.1693531524447204,0.0846765762223602,1.1223713720692554,949.6198910690514,-0.0720856386901223,-0.0825444498611291,-0.0616268275191155,-0.0720856386901223,-0.0825444498611291,-0.0616268275191155,0.0,True,trailing_sl,"(-0.001, 1.0]"
2025-08-17 20:00:00,2025-07-13,STRONG_SELL,SHORT,2025-08-18 00:00:00,117405.01,2025-08-18 00:00:00,116103.28,0.000727956926167,85.46579019621463,0.9476033694994628,0.1699839770229297,0.0849919885114648,0.6926274039650682,950.3125184730164,-0.1706128991015609,-0.1916915458913895,-0.1495342523117324,-0.1706128991015609,-0.1916915458913895,-0.1495342523117324,0.0,True,trailing_sl,"(-0.001, 1.0]"
2025-08-18 00:00:00,2025-07-13,STRONG_BUY,LONG,2025-08-18 04:00:00,115319.0,2025-08-18 12:00:00,114999.59464285716,0.0007416655248707,85.52812666257148,-0.2368919418518868,0.170819361383291,0.0854096806916455,-0.4931209839268234,949.8193974890896,0.0901862926876548,0.0884019631614787,0.0919706222138309,0.0901862926876548,0.0884019631614787,0.0919706222138309,1.0,True,trailing_sl,"(-0.001, 1.0]"
2025-08-18 08:00:00,2025-07-13,STRONG_SELL,SHORT,2025-08-18 12:00:00,114947.27,2025-08-18 12:00:00,116012.37535714284,0.0007436779122637,85.48374577401806,-0.7920953283409343,0.171759586876377,0.0858797934381885,-1.0497347086555,948.769662780434,-0.0794951814270802,-0.0999042817537119,-0.0590860811004484,-0.0794951814270802,-0.0999042817537119,-0.0590860811004484,0.0,True,trailing_sl,"(-0.001, 1.0]"
2025-08-18 12:00:00,2025-07-13,STRONG_BUY,LONG,2025-08-18 16:00:00,116145.34,2025-08-19 00:00:00,115693.67714285717,0.0007351932471009,85.38926965023907,-0.3320594825377218,0.1704464798179404,0.0852232399089702,-0.5877292022646324,948.1819335781696,0.1215140071674541,0.109176149617162,0.1338518647177463,0.1215140071674541,0.109176149617162,0.1338518647177463,1.0,True,trailing_sl,"(-0.001, 1.0]"
2025-08-18 20:00:00,2025-07-13,STRONG_BUY,LONG,2025-08-19 00:00:00,116227.05,2025-08-19 00:00:00,115251.78678571428,0.0007342212851658,85.33637402203524,-0.7160590105678356,0.1699566890335026,0.0849783445167513,-0.9709940441180896,947.2109395340514,0.0682118578071283,0.0258986578102552,0.1105250578040014,0.0682118578071283,0.0258986578102552,0.1105250578040014,1.0,True,trailing_sl,"(-0.001, 1.0]"
