number,value,datetime_start,datetime_complete,duration,params_atr_multiplier_stop,params_input_chunk_length,params_layer_widths,params_num_blocks,params_num_layers,params_prob_threshold,params_risk_per_trade,params_threshold_pct,params_use_vol_sizing,params_use_wavelet,user_attrs_metrics,state
32,-16.19302601464445,2025-08-20 21:40:26.135089,2025-08-20 21:46:15.453126,0 days 00:05:49.318037,2.5,48,128,3,4,0.95,0.01,0.002,False,False,"{'final_capital': 994.3581985060165, 'total_return_pct': -0.5641801493983523, 'ann_sharpe': -16.19302601464445, 'max_drawdown_pct': -0.5409899862185317, 'num_executed': 30, 'win_rate': 0.2, 'avg_pnl': -0.18806004979944788, 'profit_factor': 0.10345181851709663, 'avg_pnl_ci_l': -0.2746124830710519, 'avg_pnl_ci_u': -0.105479363169189}",COMPLETE
33,-16.19302601464445,2025-08-20 21:46:15.453360,2025-08-20 21:52:09.204131,0 days 00:05:53.750771,2.5,48,128,3,4,0.95,0.01,0.002,False,False,"{'final_capital': 994.3581985060165, 'total_return_pct': -0.5641801493983523, 'ann_sharpe': -16.19302601464445, 'max_drawdown_pct': -0.5409899862185317, 'num_executed': 30, 'win_rate': 0.2, 'avg_pnl': -0.18806004979944788, 'profit_factor': 0.10345181851709663, 'avg_pnl_ci_l': -0.2662822771242981, 'avg_pnl_ci_u': -0.10934514085342048}",COMPLETE
34,-16.19302601464445,2025-08-20 21:52:09.204391,2025-08-20 21:58:01.351483,0 days 00:05:52.147092,2.5,48,128,3,4,0.95,0.01,0.002,False,False,"{'final_capital': 994.3581985060165, 'total_return_pct': -0.5641801493983523, 'ann_sharpe': -16.19302601464445, 'max_drawdown_pct': -0.5409899862185317, 'num_executed': 30, 'win_rate': 0.2, 'avg_pnl': -0.18806004979944788, 'profit_factor': 0.10345181851709663, 'avg_pnl_ci_l': -0.26742510918964757, 'avg_pnl_ci_u': -0.10594498290383349}",COMPLETE
31,-16.19302601464445,2025-08-20 21:34:33.861696,2025-08-20 21:40:26.134855,0 days 00:05:52.273159,2.5,48,128,3,4,0.95,0.01,0.002,False,False,"{'final_capital': 994.3581985060165, 'total_return_pct': -0.5641801493983523, 'ann_sharpe': -16.19302601464445, 'max_drawdown_pct': -0.5409899862185317, 'num_executed': 30, 'win_rate': 0.2, 'avg_pnl': -0.18806004979944788, 'profit_factor': 0.10345181851709663, 'avg_pnl_ci_l': -0.2700901843574802, 'avg_pnl_ci_u': -0.11134550701952053}",COMPLETE
25,-16.19302601464445,2025-08-20 21:04:47.963640,2025-08-20 21:11:13.378221,0 days 00:06:25.414581,2.5,48,128,3,4,0.95,0.01,0.002,False,False,"{'final_capital': 994.3581985060165, 'total_return_pct': -0.5641801493983523, 'ann_sharpe': -16.19302601464445, 'max_drawdown_pct': -0.5409899862185317, 'num_executed': 30, 'win_rate': 0.2, 'avg_pnl': -0.18806004979944788, 'profit_factor': 0.10345181851709663, 'avg_pnl_ci_l': -0.27216569185243844, 'avg_pnl_ci_u': -0.11519292348787513}",COMPLETE
27,-16.19302601464445,2025-08-20 21:14:07.855798,2025-08-20 21:20:06.722588,0 days 00:05:58.866790,2.5,48,128,3,4,0.95,0.01,0.002,False,False,"{'final_capital': 994.3581985060165, 'total_return_pct': -0.5641801493983523, 'ann_sharpe': -16.19302601464445, 'max_drawdown_pct': -0.5409899862185317, 'num_executed': 30, 'win_rate': 0.2, 'avg_pnl': -0.18806004979944788, 'profit_factor': 0.10345181851709663, 'avg_pnl_ci_l': -0.27234343116183835, 'avg_pnl_ci_u': -0.11390734786548945}",COMPLETE
73,-16.19302601464445,2025-08-21 01:40:10.556917,2025-08-21 01:46:46.659765,0 days 00:06:36.102848,2.5,48,128,3,4,0.95,0.01,0.002,False,False,"{'final_capital': 994.3581985060165, 'total_return_pct': -0.5641801493983523, 'ann_sharpe': -16.19302601464445, 'max_drawdown_pct': -0.5409899862185317, 'num_executed': 30, 'win_rate': 0.2, 'avg_pnl': -0.18806004979944788, 'profit_factor': 0.10345181851709663, 'avg_pnl_ci_l': -0.2704802867163116, 'avg_pnl_ci_u': -0.10604357455263186}",COMPLETE
72,-16.19302601464445,2025-08-21 01:33:34.585825,2025-08-21 01:40:10.556594,0 days 00:06:35.970769,2.5,48,128,3,4,0.95,0.01,0.002,False,False,"{'final_capital': 994.3581985060165, 'total_return_pct': -0.5641801493983523, 'ann_sharpe': -16.19302601464445, 'max_drawdown_pct': -0.5409899862185317, 'num_executed': 30, 'win_rate': 0.2, 'avg_pnl': -0.18806004979944788, 'profit_factor': 0.10345181851709663, 'avg_pnl_ci_l': -0.27100642151376875, 'avg_pnl_ci_u': -0.1142560690413057}",COMPLETE
74,-16.19302601464445,2025-08-21 01:46:46.660044,2025-08-21 01:53:19.496106,0 days 00:06:32.836062,2.5,48,128,3,4,0.95,0.01,0.002,False,False,"{'final_capital': 994.3581985060165, 'total_return_pct': -0.5641801493983523, 'ann_sharpe': -16.19302601464445, 'max_drawdown_pct': -0.5409899862185317, 'num_executed': 30, 'win_rate': 0.2, 'avg_pnl': -0.18806004979944788, 'profit_factor': 0.10345181851709663, 'avg_pnl_ci_l': -0.26382369456633853, 'avg_pnl_ci_u': -0.11631046465374116}",COMPLETE
75,-16.19302601464445,2025-08-21 01:53:19.496451,2025-08-21 01:59:45.310975,0 days 00:06:25.814524,2.5,48,128,3,4,0.95,0.01,0.002,False,False,"{'final_capital': 994.3581985060165, 'total_return_pct': -0.5641801493983523, 'ann_sharpe': -16.19302601464445, 'max_drawdown_pct': -0.5409899862185317, 'num_executed': 30, 'win_rate': 0.2, 'avg_pnl': -0.18806004979944788, 'profit_factor': 0.10345181851709663, 'avg_pnl_ci_l': -0.2629775182060099, 'avg_pnl_ci_u': -0.11240466584549637}",COMPLETE
82,-16.19302601464445,2025-08-21 02:36:20.208565,2025-08-21 02:43:16.394461,0 days 00:06:56.185896,2.5,48,128,3,4,0.95,0.01,0.002,False,False,"{'final_capital': 994.3581985060165, 'total_return_pct': -0.5641801493983523, 'ann_sharpe': -16.19302601464445, 'max_drawdown_pct': -0.5409899862185317, 'num_executed': 30, 'win_rate': 0.2, 'avg_pnl': -0.18806004979944788, 'profit_factor': 0.10345181851709663, 'avg_pnl_ci_l': -0.27068841474883626, 'avg_pnl_ci_u': -0.11039134133984942}",COMPLETE
83,-16.19302601464445,2025-08-21 02:43:16.394842,2025-08-21 02:50:16.045532,0 days 00:06:59.650690,2.5,48,128,3,4,0.95,0.01,0.002,False,False,"{'final_capital': 994.3581985060165, 'total_return_pct': -0.5641801493983523, 'ann_sharpe': -16.19302601464445, 'max_drawdown_pct': -0.5409899862185317, 'num_executed': 30, 'win_rate': 0.2, 'avg_pnl': -0.18806004979944788, 'profit_factor': 0.10345181851709663, 'avg_pnl_ci_l': -0.27264701131436353, 'avg_pnl_ci_u': -0.11437177002918877}",COMPLETE
81,-16.19302601464445,2025-08-21 02:29:19.793145,2025-08-21 02:36:20.208224,0 days 00:07:00.415079,2.5,48,128,3,4,0.95,0.01,0.002,False,False,"{'final_capital': 994.3581985060165, 'total_return_pct': -0.5641801493983523, 'ann_sharpe': -16.19302601464445, 'max_drawdown_pct': -0.5409899862185317, 'num_executed': 30, 'win_rate': 0.2, 'avg_pnl': -0.18806004979944788, 'profit_factor': 0.10345181851709663, 'avg_pnl_ci_l': -0.28121576086951516, 'avg_pnl_ci_u': -0.11200708051343487}",COMPLETE
80,-16.19302601464445,2025-08-21 02:22:00.897468,2025-08-21 02:29:19.792745,0 days 00:07:18.895277,2.5,48,128,3,4,0.9,0.01,0.002,False,True,"{'final_capital': 994.3581985060165, 'total_return_pct': -0.5641801493983523, 'ann_sharpe': -16.19302601464445, 'max_drawdown_pct': -0.5409899862185317, 'num_executed': 30, 'win_rate': 0.2, 'avg_pnl': -0.18806004979944788, 'profit_factor': 0.10345181851709663, 'avg_pnl_ci_l': -0.2652510311333093, 'avg_pnl_ci_u': -0.11116250153606713}",COMPLETE
94,-16.19302601464445,2025-08-21 03:47:40.984540,2025-08-21 03:53:35.262678,0 days 00:05:54.278138,2.5,48,128,3,4,0.95,0.01,0.002,False,False,"{'final_capital': 994.3581985060165, 'total_return_pct': -0.5641801493983523, 'ann_sharpe': -16.19302601464445, 'max_drawdown_pct': -0.5409899862185317, 'num_executed': 30, 'win_rate': 0.2, 'avg_pnl': -0.18806004979944788, 'profit_factor': 0.10345181851709663, 'avg_pnl_ci_l': -0.2753727431107575, 'avg_pnl_ci_u': -0.10796964176386797}",COMPLETE
91,-16.19302601464445,2025-08-21 03:28:45.978320,2025-08-21 03:34:58.242698,0 days 00:06:12.264378,2.5,48,128,3,4,0.95,0.01,0.002,False,False,"{'final_capital': 994.3581985060165, 'total_return_pct': -0.5641801493983523, 'ann_sharpe': -16.19302601464445, 'max_drawdown_pct': -0.5409899862185317, 'num_executed': 30, 'win_rate': 0.2, 'avg_pnl': -0.18806004979944788, 'profit_factor': 0.10345181851709663, 'avg_pnl_ci_l': -0.2749901284158892, 'avg_pnl_ci_u': -0.11573069367825496}",COMPLETE
88,-16.19302601464445,2025-08-21 03:13:02.135313,2025-08-21 03:18:57.408704,0 days 00:05:55.273391,2.5,48,128,3,4,0.95,0.01,0.002,False,False,"{'final_capital': 994.3581985060165, 'total_return_pct': -0.5641801493983523, 'ann_sharpe': -16.19302601464445, 'max_drawdown_pct': -0.5409899862185317, 'num_executed': 30, 'win_rate': 0.2, 'avg_pnl': -0.18806004979944788, 'profit_factor': 0.10345181851709663, 'avg_pnl_ci_l': -0.26694759253576755, 'avg_pnl_ci_u': -0.10806858134804263}",COMPLETE
87,-16.19302601464445,2025-08-21 03:06:57.097024,2025-08-21 03:13:02.135080,0 days 00:06:05.038056,2.5,48,128,3,4,0.85,0.01,0.002,True,False,"{'final_capital': 994.3581985060165, 'total_return_pct': -0.5641801493983523, 'ann_sharpe': -16.19302601464445, 'max_drawdown_pct': -0.5409899862185317, 'num_executed': 30, 'win_rate': 0.2, 'avg_pnl': -0.18806004979944788, 'profit_factor': 0.10345181851709663, 'avg_pnl_ci_l': -0.2668232125913185, 'avg_pnl_ci_u': -0.10405165235559981}",COMPLETE
64,-16.19302601464445,2025-08-21 00:45:31.191446,2025-08-21 00:52:09.200756,0 days 00:06:38.009310,2.5,48,128,3,4,0.95,0.01,0.002,False,False,"{'final_capital': 994.3581985060165, 'total_return_pct': -0.5641801493983523, 'ann_sharpe': -16.19302601464445, 'max_drawdown_pct': -0.5409899862185317, 'num_executed': 30, 'win_rate': 0.2, 'avg_pnl': -0.18806004979944788, 'profit_factor': 0.10345181851709663, 'avg_pnl_ci_l': -0.27265590171815, 'avg_pnl_ci_u': -0.11325720186568396}",COMPLETE
63,-16.19302601464445,2025-08-21 00:38:50.465157,2025-08-21 00:45:31.191073,0 days 00:06:40.725916,2.5,48,128,3,4,0.95,0.01,0.002,False,False,"{'final_capital': 994.3581985060165, 'total_return_pct': -0.5641801493983523, 'ann_sharpe': -16.19302601464445, 'max_drawdown_pct': -0.5409899862185317, 'num_executed': 30, 'win_rate': 0.2, 'avg_pnl': -0.18806004979944788, 'profit_factor': 0.10345181851709663, 'avg_pnl_ci_l': -0.26845104674971076, 'avg_pnl_ci_u': -0.11839032247697116}",COMPLETE
52,-16.19302601464445,2025-08-20 23:31:17.819401,2025-08-20 23:36:52.661363,0 days 00:05:34.841962,2.5,48,128,3,4,0.95,0.01,0.002,False,False,"{'final_capital': 994.3581985060165, 'total_return_pct': -0.5641801493983523, 'ann_sharpe': -16.19302601464445, 'max_drawdown_pct': -0.5409899862185317, 'num_executed': 30, 'win_rate': 0.2, 'avg_pnl': -0.18806004979944788, 'profit_factor': 0.10345181851709663, 'avg_pnl_ci_l': -0.25650053397837363, 'avg_pnl_ci_u': -0.10742587741186649}",COMPLETE
53,-16.19302601464445,2025-08-20 23:36:52.661680,2025-08-20 23:43:07.203956,0 days 00:06:14.542276,2.5,48,128,3,4,0.95,0.01,0.002,False,False,"{'final_capital': 994.3581985060165, 'total_return_pct': -0.5641801493983523, 'ann_sharpe': -16.19302601464445, 'max_drawdown_pct': -0.5409899862185317, 'num_executed': 30, 'win_rate': 0.2, 'avg_pnl': -0.18806004979944788, 'profit_factor': 0.10345181851709663, 'avg_pnl_ci_l': -0.26179438330310006, 'avg_pnl_ci_u': -0.11191113599581169}",COMPLETE
55,-16.19302601464445,2025-08-20 23:49:07.438739,2025-08-20 23:55:45.406635,0 days 00:06:37.967896,2.5,48,128,3,4,0.95,0.01,0.002,False,False,"{'final_capital': 994.3581985060165, 'total_return_pct': -0.5641801493983523, 'ann_sharpe': -16.19302601464445, 'max_drawdown_pct': -0.5409899862185317, 'num_executed': 30, 'win_rate': 0.2, 'avg_pnl': -0.18806004979944788, 'profit_factor': 0.10345181851709663, 'avg_pnl_ci_l': -0.2624321972938894, 'avg_pnl_ci_u': -0.10341836112601932}",COMPLETE
56,-16.19302601464445,2025-08-20 23:55:45.406970,2025-08-21 00:02:27.834332,0 days 00:06:42.427362,2.5,48,128,3,4,0.95,0.01,0.002,False,False,"{'final_capital': 994.3581985060165, 'total_return_pct': -0.5641801493983523, 'ann_sharpe': -16.19302601464445, 'max_drawdown_pct': -0.5409899862185317, 'num_executed': 30, 'win_rate': 0.2, 'avg_pnl': -0.18806004979944788, 'profit_factor': 0.10345181851709663, 'avg_pnl_ci_l': -0.26724573811729346, 'avg_pnl_ci_u': -0.1066327324495397}",COMPLETE
59,-16.19302601464445,2025-08-21 00:14:32.717621,2025-08-21 00:21:09.611083,0 days 00:06:36.893462,2.5,48,128,3,4,0.95,0.01,0.002,False,False,"{'final_capital': 994.3581985060165, 'total_return_pct': -0.5641801493983523, 'ann_sharpe': -16.19302601464445, 'max_drawdown_pct': -0.5409899862185317, 'num_executed': 30, 'win_rate': 0.2, 'avg_pnl': -0.18806004979944788, 'profit_factor': 0.10345181851709663, 'avg_pnl_ci_l': -0.2743261292637137, 'avg_pnl_ci_u': -0.11267804844863989}",COMPLETE
57,-16.19302601464445,2025-08-21 00:02:27.834645,2025-08-21 00:09:06.355004,0 days 00:06:38.520359,2.5,48,128,3,4,0.85,0.01,0.002,False,False,"{'final_capital': 994.3581985060165, 'total_return_pct': -0.5641801493983523, 'ann_sharpe': -16.19302601464445, 'max_drawdown_pct': -0.5409899862185317, 'num_executed': 30, 'win_rate': 0.2, 'avg_pnl': -0.18806004979944788, 'profit_factor': 0.10345181851709663, 'avg_pnl_ci_l': -0.2626346160659997, 'avg_pnl_ci_u': -0.10841173432423797}",COMPLETE
62,-16.19302601464445,2025-08-21 00:32:09.318609,2025-08-21 00:38:50.464808,0 days 00:06:41.146199,2.5,48,128,3,4,0.95,0.01,0.002,False,False,"{'final_capital': 994.3581985060165, 'total_return_pct': -0.5641801493983523, 'ann_sharpe': -16.19302601464445, 'max_drawdown_pct': -0.5409899862185317, 'num_executed': 30, 'win_rate': 0.2, 'avg_pnl': -0.18806004979944788, 'profit_factor': 0.10345181851709663, 'avg_pnl_ci_l': -0.2698658032503516, 'avg_pnl_ci_u': -0.10921853564642853}",COMPLETE
61,-16.19302601464445,2025-08-21 00:25:31.801182,2025-08-21 00:32:09.318347,0 days 00:06:37.517165,2.5,48,128,3,4,0.95,0.01,0.002,False,False,"{'final_capital': 994.3581985060165, 'total_return_pct': -0.5641801493983523, 'ann_sharpe': -16.19302601464445, 'max_drawdown_pct': -0.5409899862185317, 'num_executed': 30, 'win_rate': 0.2, 'avg_pnl': -0.18806004979944788, 'profit_factor': 0.10345181851709663, 'avg_pnl_ci_l': -0.2699043204611791, 'avg_pnl_ci_u': -0.12031095189627639}",COMPLETE
65,-16.19302601464445,2025-08-21 00:52:09.201046,2025-08-21 00:58:45.768394,0 days 00:06:36.567348,2.5,48,128,3,4,0.95,0.01,0.002,False,False,"{'final_capital': 994.3581985060165, 'total_return_pct': -0.5641801493983523, 'ann_sharpe': -16.19302601464445, 'max_drawdown_pct': -0.5409899862185317, 'num_executed': 30, 'win_rate': 0.2, 'avg_pnl': -0.18806004979944788, 'profit_factor': 0.10345181851709663, 'avg_pnl_ci_l': -0.26656716731133584, 'avg_pnl_ci_u': -0.11425356531645334}",COMPLETE
51,-16.19302601464445,2025-08-20 23:25:48.700695,2025-08-20 23:31:17.819117,0 days 00:05:29.118422,2.5,48,128,3,4,0.95,0.01,0.002,False,False,"{'final_capital': 994.3581985060165, 'total_return_pct': -0.5641801493983523, 'ann_sharpe': -16.19302601464445, 'max_drawdown_pct': -0.5409899862185317, 'num_executed': 30, 'win_rate': 0.2, 'avg_pnl': -0.18806004979944788, 'profit_factor': 0.10345181851709663, 'avg_pnl_ci_l': -0.2744824234748471, 'avg_pnl_ci_u': -0.1016627192055453}",COMPLETE
50,-16.19302601464445,2025-08-20 23:19:41.762844,2025-08-20 23:25:48.700474,0 days 00:06:06.937630,2.5,48,128,3,4,0.95,0.01,0.002,False,False,"{'final_capital': 994.3581985060165, 'total_return_pct': -0.5641801493983523, 'ann_sharpe': -16.19302601464445, 'max_drawdown_pct': -0.5409899862185317, 'num_executed': 30, 'win_rate': 0.2, 'avg_pnl': -0.18806004979944788, 'profit_factor': 0.10345181851709663, 'avg_pnl_ci_l': -0.2633700698476972, 'avg_pnl_ci_u': -0.11077000849363157}",COMPLETE
48,-16.19302601464445,2025-08-20 23:07:55.428960,2025-08-20 23:14:31.457775,0 days 00:06:36.028815,2.5,48,128,3,4,0.95,0.01,0.002,False,False,"{'final_capital': 994.3581985060165, 'total_return_pct': -0.5641801493983523, 'ann_sharpe': -16.19302601464445, 'max_drawdown_pct': -0.5409899862185317, 'num_executed': 30, 'win_rate': 0.2, 'avg_pnl': -0.18806004979944788, 'profit_factor': 0.10345181851709663, 'avg_pnl_ci_l': -0.27429611250206687, 'avg_pnl_ci_u': -0.11457711333917137}",COMPLETE
44,-16.19302601464445,2025-08-20 22:45:26.989983,2025-08-20 22:51:57.637748,0 days 00:06:30.647765,2.5,48,128,3,4,0.95,0.01,0.002,False,False,"{'final_capital': 994.3581985060165, 'total_return_pct': -0.5641801493983523, 'ann_sharpe': -16.19302601464445, 'max_drawdown_pct': -0.5409899862185317, 'num_executed': 30, 'win_rate': 0.2, 'avg_pnl': -0.18806004979944788, 'profit_factor': 0.10345181851709663, 'avg_pnl_ci_l': -0.27014962040811474, 'avg_pnl_ci_u': -0.11188165511697627}",COMPLETE
41,-16.19302601464445,2025-08-20 22:25:50.310496,2025-08-20 22:32:24.543668,0 days 00:06:34.233172,2.5,48,128,3,4,0.95,0.01,0.002,False,False,"{'final_capital': 994.3581985060165, 'total_return_pct': -0.5641801493983523, 'ann_sharpe': -16.19302601464445, 'max_drawdown_pct': -0.5409899862185317, 'num_executed': 30, 'win_rate': 0.2, 'avg_pnl': -0.18806004979944788, 'profit_factor': 0.10345181851709663, 'avg_pnl_ci_l': -0.27509189876937157, 'avg_pnl_ci_u': -0.11473512980144678}",COMPLETE
43,-16.19302601464445,2025-08-20 22:38:57.454032,2025-08-20 22:45:26.989723,0 days 00:06:29.535691,2.5,48,128,3,4,0.95,0.01,0.002,False,False,"{'final_capital': 994.3581985060165, 'total_return_pct': -0.5641801493983523, 'ann_sharpe': -16.19302601464445, 'max_drawdown_pct': -0.5409899862185317, 'num_executed': 30, 'win_rate': 0.2, 'avg_pnl': -0.18806004979944788, 'profit_factor': 0.10345181851709663, 'avg_pnl_ci_l': -0.27121784100856616, 'avg_pnl_ci_u': -0.11159242417862232}",COMPLETE
42,-16.19302601464445,2025-08-20 22:32:24.543962,2025-08-20 22:38:57.453717,0 days 00:06:32.909755,2.5,48,128,3,4,0.95,0.01,0.002,False,False,"{'final_capital': 994.3581985060165, 'total_return_pct': -0.5641801493983523, 'ann_sharpe': -16.19302601464445, 'max_drawdown_pct': -0.5409899862185317, 'num_executed': 30, 'win_rate': 0.2, 'avg_pnl': -0.18806004979944788, 'profit_factor': 0.10345181851709663, 'avg_pnl_ci_l': -0.2775663398559494, 'avg_pnl_ci_u': -0.1127589495637589}",COMPLETE
99,-16.19302601464445,2025-08-21 04:13:57.049477,2025-08-21 04:19:32.132970,0 days 00:05:35.083493,2.5,48,128,3,4,0.9,0.01,0.002,False,False,"{'final_capital': 994.3581985060165, 'total_return_pct': -0.5641801493983523, 'ann_sharpe': -16.19302601464445, 'max_drawdown_pct': -0.5409899862185317, 'num_executed': 30, 'win_rate': 0.2, 'avg_pnl': -0.18806004979944788, 'profit_factor': 0.10345181851709663, 'avg_pnl_ci_l': -0.26949819574270223, 'avg_pnl_ci_u': -0.11828921373716741}",COMPLETE
96,-16.19302601464445,2025-08-21 03:59:15.134154,2025-08-21 04:04:56.107560,0 days 00:05:40.973406,2.5,48,128,3,4,0.95,0.005,0.002,False,False,"{'final_capital': 994.3581985060165, 'total_return_pct': -0.5641801493983523, 'ann_sharpe': -16.19302601464445, 'max_drawdown_pct': -0.5409899862185317, 'num_executed': 30, 'win_rate': 0.2, 'avg_pnl': -0.18806004979944788, 'profit_factor': 0.10345181851709663, 'avg_pnl_ci_l': -0.26393185107217887, 'avg_pnl_ci_u': -0.10139565935934604}",COMPLETE
93,-16.19302601464445,2025-08-21 03:41:22.841501,2025-08-21 03:47:40.984299,0 days 00:06:18.142798,2.5,48,128,3,4,0.95,0.01,0.002,False,False,"{'final_capital': 994.3581985060165, 'total_return_pct': -0.5641801493983523, 'ann_sharpe': -16.19302601464445, 'max_drawdown_pct': -0.5409899862185317, 'num_executed': 30, 'win_rate': 0.2, 'avg_pnl': -0.18806004979944788, 'profit_factor': 0.10345181851709663, 'avg_pnl_ci_l': -0.2698202396796306, 'avg_pnl_ci_u': -0.10145720033625737}",COMPLETE
92,-16.19302601464445,2025-08-21 03:34:58.242969,2025-08-21 03:41:22.841194,0 days 00:06:24.598225,2.5,48,128,3,4,0.95,0.01,0.002,False,False,"{'final_capital': 994.3581985060165, 'total_return_pct': -0.5641801493983523, 'ann_sharpe': -16.19302601464445, 'max_drawdown_pct': -0.5409899862185317, 'num_executed': 30, 'win_rate': 0.2, 'avg_pnl': -0.18806004979944788, 'profit_factor': 0.10345181851709663, 'avg_pnl_ci_l': -0.26658906921597864, 'avg_pnl_ci_u': -0.10986400344258432}",COMPLETE
85,-16.19302601464445,2025-08-21 02:56:41.147552,2025-08-21 03:02:56.136682,0 days 00:06:14.989130,2.5,48,128,3,4,0.95,0.01,0.002,False,False,"{'final_capital': 994.3581985060165, 'total_return_pct': -0.5641801493983523, 'ann_sharpe': -16.19302601464445, 'max_drawdown_pct': -0.5409899862185317, 'num_executed': 30, 'win_rate': 0.2, 'avg_pnl': -0.18806004979944788, 'profit_factor': 0.10345181851709663, 'avg_pnl_ci_l': -0.27302245411993203, 'avg_pnl_ci_u': -0.10660572978768514}",COMPLETE
84,-16.19302601464445,2025-08-21 02:50:16.045866,2025-08-21 02:56:41.147246,0 days 00:06:25.101380,2.5,48,128,3,4,0.95,0.01,0.002,False,False,"{'final_capital': 994.3581985060165, 'total_return_pct': -0.5641801493983523, 'ann_sharpe': -16.19302601464445, 'max_drawdown_pct': -0.5409899862185317, 'num_executed': 30, 'win_rate': 0.2, 'avg_pnl': -0.18806004979944788, 'profit_factor': 0.10345181851709663, 'avg_pnl_ci_l': -0.27051810431964357, 'avg_pnl_ci_u': -0.11258794534600934}",COMPLETE
71,-16.19302601464445,2025-08-21 01:26:57.202798,2025-08-21 01:33:34.585504,0 days 00:06:37.382706,2.5,48,128,3,4,0.95,0.01,0.002,False,False,"{'final_capital': 994.3581985060165, 'total_return_pct': -0.5641801493983523, 'ann_sharpe': -16.19302601464445, 'max_drawdown_pct': -0.5409899862185317, 'num_executed': 30, 'win_rate': 0.2, 'avg_pnl': -0.18806004979944788, 'profit_factor': 0.10345181851709663, 'avg_pnl_ci_l': -0.26750191610143853, 'avg_pnl_ci_u': -0.1011465190319277}",COMPLETE
69,-16.19302601464445,2025-08-21 01:15:51.492537,2025-08-21 01:22:28.535487,0 days 00:06:37.042950,2.5,48,128,3,4,0.95,0.005,0.002,False,True,"{'final_capital': 994.3581985060165, 'total_return_pct': -0.5641801493983523, 'ann_sharpe': -16.19302601464445, 'max_drawdown_pct': -0.5409899862185317, 'num_executed': 30, 'win_rate': 0.2, 'avg_pnl': -0.18806004979944788, 'profit_factor': 0.10345181851709663, 'avg_pnl_ci_l': -0.26463810088266904, 'avg_pnl_ci_u': -0.11647777060603559}",COMPLETE
8,-16.482639327279017,2025-08-20 19:31:25.775844,2025-08-20 19:36:22.831252,0 days 00:04:57.055408,2.5,72,128,3,3,0.95,0.005,0.002,False,False,"{'final_capital': 994.7097801640291, 'total_return_pct': -0.5290219835970889, 'ann_sharpe': -16.482639327279017, 'max_drawdown_pct': -0.5068659225334748, 'num_executed': 31, 'win_rate': 0.16129032258064516, 'avg_pnl': -0.17065225277326124, 'profit_factor': 0.13558593986417564, 'avg_pnl_ci_l': -0.24123073381583648, 'avg_pnl_ci_u': -0.08984780425068212}",COMPLETE
11,-17.451479721209246,2025-08-20 19:45:12.745109,2025-08-20 19:51:25.791078,0 days 00:06:13.045969,2.5,48,128,3,4,0.95,0.01,0.01,False,False,"{'final_capital': 993.9884524454311, 'total_return_pct': -0.6011547554568897, 'ann_sharpe': -17.451479721209246, 'max_drawdown_pct': -0.5779732153984896, 'num_executed': 28, 'win_rate': 0.14285714285714285, 'avg_pnl': -0.2146981269488942, 'profit_factor': 0.07645539274368966, 'avg_pnl_ci_l': -0.29632693522003695, 'avg_pnl_ci_u': -0.12723567602333968}",COMPLETE
21,-17.451479721209246,2025-08-20 20:41:17.901378,2025-08-20 20:47:26.147778,0 days 00:06:08.246400,2.5,48,128,3,4,0.95,0.01,0.01,False,False,"{'final_capital': 993.9884524454311, 'total_return_pct': -0.6011547554568897, 'ann_sharpe': -17.451479721209246, 'max_drawdown_pct': -0.5779732153984896, 'num_executed': 28, 'win_rate': 0.14285714285714285, 'avg_pnl': -0.2146981269488942, 'profit_factor': 0.07645539274368966, 'avg_pnl_ci_l': -0.29217506723373016, 'avg_pnl_ci_u': -0.12795168580246716}",COMPLETE
22,-17.451479721209246,2025-08-20 20:47:26.148042,2025-08-20 20:53:11.496195,0 days 00:05:45.348153,2.5,48,128,3,4,0.95,0.01,0.01,False,False,"{'final_capital': 993.9884524454311, 'total_return_pct': -0.6011547554568897, 'ann_sharpe': -17.451479721209246, 'max_drawdown_pct': -0.5779732153984896, 'num_executed': 28, 'win_rate': 0.14285714285714285, 'avg_pnl': -0.2146981269488942, 'profit_factor': 0.07645539274368966, 'avg_pnl_ci_l': -0.3011026272104259, 'avg_pnl_ci_u': -0.13280130760113312}",COMPLETE
23,-17.451479721209246,2025-08-20 20:53:11.496444,2025-08-20 20:59:02.679301,0 days 00:05:51.182857,2.5,48,128,3,4,0.95,0.01,0.01,False,False,"{'final_capital': 993.9884524454311, 'total_return_pct': -0.6011547554568897, 'ann_sharpe': -17.451479721209246, 'max_drawdown_pct': -0.5779732153984896, 'num_executed': 28, 'win_rate': 0.14285714285714285, 'avg_pnl': -0.2146981269488942, 'profit_factor': 0.07645539274368966, 'avg_pnl_ci_l': -0.29516556370064484, 'avg_pnl_ci_u': -0.1421991554964259}",COMPLETE
13,-17.451479721209246,2025-08-20 19:57:10.572914,2025-08-20 20:03:23.476447,0 days 00:06:12.903533,2.5,48,128,3,4,0.95,0.01,0.01,False,False,"{'final_capital': 993.9884524454311, 'total_return_pct': -0.6011547554568897, 'ann_sharpe': -17.451479721209246, 'max_drawdown_pct': -0.5779732153984896, 'num_executed': 28, 'win_rate': 0.14285714285714285, 'avg_pnl': -0.2146981269488942, 'profit_factor': 0.07645539274368966, 'avg_pnl_ci_l': -0.29435224410870203, 'avg_pnl_ci_u': -0.1290439318441768}",COMPLETE
79,-17.451479721209246,2025-08-21 02:15:19.753457,2025-08-21 02:22:00.897210,0 days 00:06:41.143753,2.5,48,128,3,4,0.95,0.005,0.01,False,False,"{'final_capital': 993.9884524454311, 'total_return_pct': -0.6011547554568897, 'ann_sharpe': -17.451479721209246, 'max_drawdown_pct': -0.5779732153984896, 'num_executed': 28, 'win_rate': 0.14285714285714285, 'avg_pnl': -0.2146981269488942, 'profit_factor': 0.07645539274368966, 'avg_pnl_ci_l': -0.28708551170671387, 'avg_pnl_ci_u': -0.14247820168363268}",COMPLETE
24,-17.451479721209246,2025-08-20 20:59:02.679536,2025-08-20 21:04:47.963380,0 days 00:05:45.283844,2.5,48,128,3,4,0.95,0.01,0.01,False,False,"{'final_capital': 993.9884524454311, 'total_return_pct': -0.6011547554568897, 'ann_sharpe': -17.451479721209246, 'max_drawdown_pct': -0.5779732153984896, 'num_executed': 28, 'win_rate': 0.14285714285714285, 'avg_pnl': -0.2146981269488942, 'profit_factor': 0.07645539274368966, 'avg_pnl_ci_l': -0.2906158189355906, 'avg_pnl_ci_u': -0.14734432019726693}",COMPLETE
46,-17.59143063075297,2025-08-20 22:57:03.295752,2025-08-20 23:03:29.808928,0 days 00:06:26.513176,2.0,48,128,3,4,0.95,0.01,0.005,False,False,"{'final_capital': 995.3256787932067, 'total_return_pct': -0.46743212067932305, 'ann_sharpe': -17.59143063075297, 'max_drawdown_pct': -0.4442193941759805, 'num_executed': 29, 'win_rate': 0.1724137931034483, 'avg_pnl': -0.16118348988942174, 'profit_factor': 0.10128811479400861, 'avg_pnl_ci_l': -0.20950025998936125, 'avg_pnl_ci_u': -0.10276955337204982}",COMPLETE
14,-17.604836059131056,2025-08-20 20:03:23.476717,2025-08-20 20:08:24.089689,0 days 00:05:00.612972,2.5,48,128,3,3,0.95,0.005,0.01,False,False,"{'final_capital': 994.8775995337539, 'total_return_pct': -0.5122400466246013, 'ann_sharpe': -17.604836059131056, 'max_drawdown_pct': -0.4900802475699964, 'num_executed': 29, 'win_rate': 0.1724137931034483, 'avg_pnl': -0.17663449883608093, 'profit_factor': 0.0780008801503543, 'avg_pnl_ci_l': -0.24357524997965901, 'avg_pnl_ci_u': -0.10133606807663915}",COMPLETE
19,-17.604836059131056,2025-08-20 20:30:41.940453,2025-08-20 20:35:24.383519,0 days 00:04:42.443066,2.5,48,128,3,3,0.9,0.005,0.01,False,False,"{'final_capital': 994.8775995337539, 'total_return_pct': -0.5122400466246013, 'ann_sharpe': -17.604836059131056, 'max_drawdown_pct': -0.4900802475699964, 'num_executed': 29, 'win_rate': 0.1724137931034483, 'avg_pnl': -0.17663449883608093, 'profit_factor': 0.0780008801503543, 'avg_pnl_ci_l': -0.234865766987898, 'avg_pnl_ci_u': -0.11103926806042091}",COMPLETE
90,-17.685348977116817,2025-08-21 03:22:49.228649,2025-08-21 03:28:45.978063,0 days 00:05:56.749414,2.0,48,128,3,4,0.95,0.01,0.01,False,False,"{'final_capital': 994.4294602172157, 'total_return_pct': -0.5570539782784323, 'ann_sharpe': -17.685348977116817, 'max_drawdown_pct': -0.5338621531515236, 'num_executed': 28, 'win_rate': 0.14285714285714285, 'avg_pnl': -0.198947849385146, 'profit_factor': 0.08204520270417962, 'avg_pnl_ci_l': -0.26301306115667666, 'avg_pnl_ci_u': -0.12723996993166894}",COMPLETE
1,-17.685348977116817,2025-08-20 19:02:27.883327,2025-08-20 19:08:29.335315,0 days 00:06:01.451988,2.0,48,128,3,4,0.95,0.01,0.01,False,False,"{'final_capital': 994.4294602172157, 'total_return_pct': -0.5570539782784323, 'ann_sharpe': -17.685348977116817, 'max_drawdown_pct': -0.5338621531515236, 'num_executed': 28, 'win_rate': 0.14285714285714285, 'avg_pnl': -0.198947849385146, 'profit_factor': 0.08204520270417962, 'avg_pnl_ci_l': -0.26350982404535545, 'avg_pnl_ci_u': -0.13572230659816206}",COMPLETE
54,-17.687668892032303,2025-08-20 23:43:07.204249,2025-08-20 23:49:07.438458,0 days 00:06:00.234209,2.5,48,128,3,4,0.95,0.01,0.005,False,False,"{'final_capital': 995.0986911697871, 'total_return_pct': -0.49013088302128915, 'ann_sharpe': -17.687668892032303, 'max_drawdown_pct': -0.4669234502642363, 'num_executed': 29, 'win_rate': 0.1724137931034483, 'avg_pnl': -0.1690106493176875, 'profit_factor': 0.09703256696576841, 'avg_pnl_ci_l': -0.22467068930435147, 'avg_pnl_ci_u': -0.11031346497550593}",COMPLETE
95,-17.687668892032303,2025-08-21 03:53:35.262948,2025-08-21 03:59:15.133851,0 days 00:05:39.870903,2.5,48,128,3,4,0.95,0.01,0.005,False,False,"{'final_capital': 995.0986911697871, 'total_return_pct': -0.49013088302128915, 'ann_sharpe': -17.687668892032303, 'max_drawdown_pct': -0.4669234502642363, 'num_executed': 29, 'win_rate': 0.1724137931034483, 'avg_pnl': -0.1690106493176875, 'profit_factor': 0.09703256696576841, 'avg_pnl_ci_l': -0.2318236106534306, 'avg_pnl_ci_u': -0.10718007820910035}",COMPLETE
40,-17.687668892032303,2025-08-20 22:20:03.275398,2025-08-20 22:25:50.310253,0 days 00:05:47.034855,2.5,48,128,3,4,0.9,0.01,0.005,False,False,"{'final_capital': 995.0986911697871, 'total_return_pct': -0.49013088302128915, 'ann_sharpe': -17.687668892032303, 'max_drawdown_pct': -0.4669234502642363, 'num_executed': 29, 'win_rate': 0.1724137931034483, 'avg_pnl': -0.1690106493176875, 'profit_factor': 0.09703256696576841, 'avg_pnl_ci_l': -0.22848259305276286, 'avg_pnl_ci_u': -0.10161716130840302}",COMPLETE
30,-18.22116106203741,2025-08-20 21:28:44.175699,2025-08-20 21:34:33.861439,0 days 00:05:49.685740,2.0,48,128,3,4,0.9,0.01,0.002,False,False,"{'final_capital': 994.1230676034365, 'total_return_pct': -0.5876932396563506, 'ann_sharpe': -18.22116106203741, 'max_drawdown_pct': -0.5645085601382575, 'num_executed': 30, 'win_rate': 0.16666666666666666, 'avg_pnl': -0.19589774655210856, 'profit_factor': 0.0735116557246439, 'avg_pnl_ci_l': -0.25409580738240733, 'avg_pnl_ci_u': -0.1277040101702432}",COMPLETE
86,-18.275065989180437,2025-08-21 03:02:56.137089,2025-08-21 03:06:57.096758,0 days 00:04:00.959669,2.5,48,128,2,4,0.95,0.01,0.002,False,False,"{'final_capital': 993.6343074410617, 'total_return_pct': -0.6365692558938374, 'ann_sharpe': -18.275065989180437, 'max_drawdown_pct': -0.6133959751130809, 'num_executed': 30, 'win_rate': 0.13333333333333333, 'avg_pnl': -0.21218975196461215, 'profit_factor': 0.06375346385844875, 'avg_pnl_ci_l': -0.28730462431638953, 'avg_pnl_ci_u': -0.1470365505345266}",COMPLETE
29,-18.275065989180437,2025-08-20 21:24:52.679040,2025-08-20 21:28:44.175420,0 days 00:03:51.496380,2.5,48,128,2,4,0.85,0.005,0.002,True,False,"{'final_capital': 993.6343074410617, 'total_return_pct': -0.6365692558938374, 'ann_sharpe': -18.275065989180437, 'max_drawdown_pct': -0.6133959751130809, 'num_executed': 30, 'win_rate': 0.13333333333333333, 'avg_pnl': -0.21218975196461215, 'profit_factor': 0.06375346385844875, 'avg_pnl_ci_l': -0.2983826734208005, 'avg_pnl_ci_u': -0.14325811417818116}",COMPLETE
39,-18.275065989180437,2025-08-20 22:16:16.887884,2025-08-20 22:20:03.275124,0 days 00:03:46.387240,2.5,48,128,2,4,0.95,0.01,0.002,False,False,"{'final_capital': 993.6343074410617, 'total_return_pct': -0.6365692558938374, 'ann_sharpe': -18.275065989180437, 'max_drawdown_pct': -0.6133959751130809, 'num_executed': 30, 'win_rate': 0.13333333333333333, 'avg_pnl': -0.21218975196461215, 'profit_factor': 0.06375346385844875, 'avg_pnl_ci_l': -0.2946465614057242, 'avg_pnl_ci_u': -0.14216706093553175}",COMPLETE
98,-18.275065989180437,2025-08-21 04:10:17.541058,2025-08-21 04:13:57.049220,0 days 00:03:39.508162,2.5,48,128,2,4,0.95,0.01,0.002,True,False,"{'final_capital': 993.6343074410617, 'total_return_pct': -0.6365692558938374, 'ann_sharpe': -18.275065989180437, 'max_drawdown_pct': -0.6133959751130809, 'num_executed': 30, 'win_rate': 0.13333333333333333, 'avg_pnl': -0.21218975196461215, 'profit_factor': 0.06375346385844875, 'avg_pnl_ci_l': -0.28124694941705397, 'avg_pnl_ci_u': -0.14298671892050954}",COMPLETE
70,-18.275065989180437,2025-08-21 01:22:28.535860,2025-08-21 01:26:57.202484,0 days 00:04:28.666624,2.5,48,128,2,4,0.85,0.01,0.002,True,False,"{'final_capital': 993.6343074410617, 'total_return_pct': -0.6365692558938374, 'ann_sharpe': -18.275065989180437, 'max_drawdown_pct': -0.6133959751130809, 'num_executed': 30, 'win_rate': 0.13333333333333333, 'avg_pnl': -0.21218975196461215, 'profit_factor': 0.06375346385844875, 'avg_pnl_ci_l': -0.2969589164759376, 'avg_pnl_ci_u': -0.13507735753701933}",COMPLETE
47,-18.275065989180437,2025-08-20 23:03:29.809305,2025-08-20 23:07:55.428645,0 days 00:04:25.619340,2.5,48,128,2,4,0.85,0.01,0.002,True,True,"{'final_capital': 993.6343074410617, 'total_return_pct': -0.6365692558938374, 'ann_sharpe': -18.275065989180437, 'max_drawdown_pct': -0.6133959751130809, 'num_executed': 30, 'win_rate': 0.13333333333333333, 'avg_pnl': -0.21218975196461215, 'profit_factor': 0.06375346385844875, 'avg_pnl_ci_l': -0.28577499451624144, 'avg_pnl_ci_u': -0.13685331053711372}",COMPLETE
0,-18.548457983409527,2025-08-20 18:58:05.426358,2025-08-20 19:02:27.883014,0 days 00:04:22.456656,2.0,48,128,2,4,0.9,0.005,0.002,True,False,"{'final_capital': 994.0787152352227, 'total_return_pct': -0.5921284764777268, 'ann_sharpe': -18.548457983409527, 'max_drawdown_pct': -0.568944831334031, 'num_executed': 30, 'win_rate': 0.13333333333333333, 'avg_pnl': -0.19737615882590903, 'profit_factor': 0.06824036827721633, 'avg_pnl_ci_l': -0.2663548026824717, 'avg_pnl_ci_u': -0.13089655464618355}",COMPLETE
35,-18.548457983409527,2025-08-20 21:58:01.351718,2025-08-20 22:01:48.651810,0 days 00:03:47.300092,2.0,48,128,2,4,0.95,0.01,0.002,True,False,"{'final_capital': 994.0787152352227, 'total_return_pct': -0.5921284764777268, 'ann_sharpe': -18.548457983409527, 'max_drawdown_pct': -0.568944831334031, 'num_executed': 30, 'win_rate': 0.13333333333333333, 'avg_pnl': -0.19737615882590903, 'profit_factor': 0.06824036827721633, 'avg_pnl_ci_l': -0.26786939746017274, 'avg_pnl_ci_u': -0.14346924923300697}",COMPLETE
60,-18.63887477633882,2025-08-21 00:21:09.611395,2025-08-21 00:25:31.800852,0 days 00:04:22.189457,1.5,72,128,2,4,0.95,0.005,0.005,True,False,"{'final_capital': 994.8675356197648, 'total_return_pct': -0.513246438023518, 'ann_sharpe': -18.63887477633882, 'max_drawdown_pct': -0.490044396216061, 'num_executed': 30, 'win_rate': 0.2, 'avg_pnl': -0.17108214600784893, 'profit_factor': 0.10541756526735077, 'avg_pnl_ci_l': -0.2258201540293617, 'avg_pnl_ci_u': -0.11645007270175814}",COMPLETE
66,-18.72728368760404,2025-08-21 00:58:45.768713,2025-08-21 01:04:14.571637,0 days 00:05:28.802924,2.0,48,128,3,3,0.95,0.01,0.002,False,False,"{'final_capital': 993.472161499171, 'total_return_pct': -0.6527838500829053, 'ann_sharpe': -18.72728368760404, 'max_drawdown_pct': -0.6306553556073149, 'num_executed': 31, 'win_rate': 0.12903225806451613, 'avg_pnl': -0.21057543551060814, 'profit_factor': 0.05176268789755786, 'avg_pnl_ci_l': -0.27385366751329726, 'avg_pnl_ci_u': -0.14403678629265165}",COMPLETE
6,-18.727874490585215,2025-08-20 19:24:37.642101,2025-08-20 19:28:39.852964,0 days 00:04:02.210863,2.5,72,64,3,3,0.9,0.005,0.005,True,False,"{'final_capital': 993.1563860185166, 'total_return_pct': -0.6843613981483365, 'ann_sharpe': -18.727874490585215, 'max_drawdown_pct': -0.6611992633266476, 'num_executed': 30, 'win_rate': 0.13333333333333333, 'avg_pnl': -0.22812046604945405, 'profit_factor': 0.059551488506521255, 'avg_pnl_ci_l': -0.296745450410945, 'avg_pnl_ci_u': -0.15787032576682822}",COMPLETE
58,-19.06694403273369,2025-08-21 00:09:06.355313,2025-08-21 00:14:32.717314,0 days 00:05:26.362001,2.5,48,128,3,3,0.9,0.01,0.002,False,True,"{'final_capital': 993.7583962844279, 'total_return_pct': -0.624160371557203, 'ann_sharpe': -19.06694403273369, 'max_drawdown_pct': -0.602025501518098, 'num_executed': 31, 'win_rate': 0.12903225806451613, 'avg_pnl': -0.20134205534103017, 'profit_factor': 0.05399230569860749, 'avg_pnl_ci_l': -0.2820161626232633, 'avg_pnl_ci_u': -0.1344673052660284}",COMPLETE
20,-19.11681095328041,2025-08-20 20:35:24.383757,2025-08-20 20:41:17.901144,0 days 00:05:53.517387,1.5,48,128,3,4,0.95,0.01,0.01,False,False,"{'final_capital': 994.1715817646018, 'total_return_pct': -0.5828418235398258, 'ann_sharpe': -19.11681095328041, 'max_drawdown_pct': -0.559656012587088, 'num_executed': 28, 'win_rate': 0.14285714285714285, 'avg_pnl': -0.20815779412136476, 'profit_factor': 0.07869024562044599, 'avg_pnl_ci_l': -0.26979390074955034, 'avg_pnl_ci_u': -0.14858897460874004}",COMPLETE
12,-19.29909298772198,2025-08-20 19:51:25.791334,2025-08-20 19:57:10.572656,0 days 00:05:44.781322,2.5,72,128,3,4,0.95,0.01,0.01,False,False,"{'final_capital': 993.3629804177265, 'total_return_pct': -0.6637019582273473, 'ann_sharpe': -19.29909298772198, 'max_drawdown_pct': -0.640535005264839, 'num_executed': 30, 'win_rate': 0.13333333333333333, 'avg_pnl': -0.22123398607577874, 'profit_factor': 0.06971199152036126, 'avg_pnl_ci_l': -0.28330559328120364, 'avg_pnl_ci_u': -0.151512962853462}",COMPLETE
16,-19.29909298772198,2025-08-20 20:14:26.748005,2025-08-20 20:20:13.756438,0 days 00:05:47.008433,2.5,72,128,3,4,0.95,0.005,0.01,False,False,"{'final_capital': 993.3629804177265, 'total_return_pct': -0.6637019582273473, 'ann_sharpe': -19.29909298772198, 'max_drawdown_pct': -0.640535005264839, 'num_executed': 30, 'win_rate': 0.13333333333333333, 'avg_pnl': -0.22123398607577874, 'profit_factor': 0.06971199152036126, 'avg_pnl_ci_l': -0.28413133866218404, 'avg_pnl_ci_u': -0.14521713824133733}",COMPLETE
26,-19.36883163563014,2025-08-20 21:11:13.378493,2025-08-20 21:14:07.855543,0 days 00:02:54.477050,2.5,72,64,2,3,0.95,0.005,0.002,True,True,"{'final_capital': 993.4251084254053, 'total_return_pct': -0.6574891574594788, 'ann_sharpe': -19.36883163563014, 'max_drawdown_pct': -0.6343207555637312, 'num_executed': 30, 'win_rate': 0.13333333333333333, 'avg_pnl': -0.21916305248648807, 'profit_factor': 0.06185969040245993, 'avg_pnl_ci_l': -0.2807234936004042, 'avg_pnl_ci_u': -0.1465282453824237}",COMPLETE
77,-19.37872811919032,2025-08-21 02:04:40.388417,2025-08-21 02:09:12.177743,0 days 00:04:31.789326,2.0,48,64,3,4,0.95,0.01,0.005,False,False,"{'final_capital': 994.2935214220045, 'total_return_pct': -0.5706478577995555, 'ann_sharpe': -19.37872811919032, 'max_drawdown_pct': -0.5474592030018597, 'num_executed': 30, 'win_rate': 0.13333333333333333, 'avg_pnl': -0.190215952599847, 'profit_factor': 0.0689949343695749, 'avg_pnl_ci_l': -0.2539352036344212, 'avg_pnl_ci_u': -0.1353518420669825}",COMPLETE
9,-19.493291170835796,2025-08-20 19:36:22.831557,2025-08-20 19:39:15.133369,0 days 00:02:52.301812,2.0,72,64,2,3,0.85,0.01,0.005,True,False,"{'final_capital': 993.0863441564311, 'total_return_pct': -0.6913655843568955, 'ann_sharpe': -19.493291170835796, 'max_drawdown_pct': -0.6682050830332839, 'num_executed': 30, 'win_rate': 0.13333333333333333, 'avg_pnl': -0.2304551947856252, 'profit_factor': 0.0671085692122621, 'avg_pnl_ci_l': -0.2883816582659081, 'avg_pnl_ci_u': -0.1658346014481255}",COMPLETE
37,-19.534007698647418,2025-08-20 22:06:11.924919,2025-08-20 22:11:48.117225,0 days 00:05:36.192306,1.5,48,128,3,4,0.95,0.01,0.002,False,False,"{'final_capital': 993.6483264663823, 'total_return_pct': -0.6351673533617763, 'ann_sharpe': -19.534007698647418, 'max_drawdown_pct': -0.6119937456329563, 'num_executed': 30, 'win_rate': 0.16666666666666666, 'avg_pnl': -0.2117224511205765, 'profit_factor': 0.06838561134594943, 'avg_pnl_ci_l': -0.26533858297784946, 'avg_pnl_ci_u': -0.15543715941335662}",COMPLETE
4,-19.738960623449575,2025-08-20 19:14:45.399454,2025-08-20 19:19:43.535674,0 days 00:04:58.136220,2.0,72,64,3,4,0.95,0.005,0.005,False,True,"{'final_capital': 993.8484740569138, 'total_return_pct': -0.6151525943086211, 'ann_sharpe': -19.738960623449575, 'max_drawdown_pct': -0.5919743187897757, 'num_executed': 30, 'win_rate': 0.13333333333333333, 'avg_pnl': -0.2050508647695445, 'profit_factor': 0.06586277001340406, 'avg_pnl_ci_l': -0.2625191344998396, 'avg_pnl_ci_u': -0.1418112141814555}",COMPLETE
10,-20.042350862982648,2025-08-20 19:39:15.133660,2025-08-20 19:45:12.744828,0 days 00:05:57.611168,2.5,72,128,3,4,0.95,0.01,0.002,False,True,"{'final_capital': 992.9271767435398, 'total_return_pct': -0.7072823256460192, 'ann_sharpe': -20.042350862982648, 'max_drawdown_pct': -0.6851659701035757, 'num_executed': 31, 'win_rate': 0.12903225806451613, 'avg_pnl': -0.22815558891806634, 'profit_factor': 0.04792512783783916, 'avg_pnl_ci_l': -0.2904733186611616, 'avg_pnl_ci_u': -0.1652991962220308}",COMPLETE
18,-20.042350862982648,2025-08-20 20:25:03.813610,2025-08-20 20:30:41.940221,0 days 00:05:38.126611,2.5,72,128,3,4,0.85,0.01,0.002,False,True,"{'final_capital': 992.9271767435398, 'total_return_pct': -0.7072823256460192, 'ann_sharpe': -20.042350862982648, 'max_drawdown_pct': -0.6851659701035757, 'num_executed': 31, 'win_rate': 0.12903225806451613, 'avg_pnl': -0.22815558891806634, 'profit_factor': 0.04792512783783916, 'avg_pnl_ci_l': -0.29985843971088166, 'avg_pnl_ci_u': -0.1593292006759161}",COMPLETE
15,-20.042350862982648,2025-08-20 20:08:24.090099,2025-08-20 20:14:26.747741,0 days 00:06:02.657642,2.5,72,128,3,4,0.95,0.01,0.002,False,False,"{'final_capital': 992.9271767435398, 'total_return_pct': -0.7072823256460192, 'ann_sharpe': -20.042350862982648, 'max_drawdown_pct': -0.6851659701035757, 'num_executed': 31, 'win_rate': 0.12903225806451613, 'avg_pnl': -0.22815558891806634, 'profit_factor': 0.04792512783783916, 'avg_pnl_ci_l': -0.2901920030116174, 'avg_pnl_ci_u': -0.14538512776405257}",COMPLETE
78,-20.042350862982648,2025-08-21 02:09:12.178005,2025-08-21 02:15:19.753157,0 days 00:06:07.575152,2.5,72,128,3,4,0.95,0.01,0.002,False,False,"{'final_capital': 992.9271767435398, 'total_return_pct': -0.7072823256460192, 'ann_sharpe': -20.042350862982648, 'max_drawdown_pct': -0.6851659701035757, 'num_executed': 31, 'win_rate': 0.12903225806451613, 'avg_pnl': -0.22815558891806634, 'profit_factor': 0.04792512783783916, 'avg_pnl_ci_l': -0.2897300923944408, 'avg_pnl_ci_u': -0.16398520485116222}",COMPLETE
68,-20.042350862982648,2025-08-21 01:09:24.842934,2025-08-21 01:15:51.492225,0 days 00:06:26.649291,2.5,72,128,3,4,0.9,0.01,0.002,False,False,"{'final_capital': 992.9271767435398, 'total_return_pct': -0.7072823256460192, 'ann_sharpe': -20.042350862982648, 'max_drawdown_pct': -0.6851659701035757, 'num_executed': 31, 'win_rate': 0.12903225806451613, 'avg_pnl': -0.22815558891806634, 'profit_factor': 0.04792512783783916, 'avg_pnl_ci_l': -0.293771982195413, 'avg_pnl_ci_u': -0.16448298307104461}",COMPLETE
97,-20.042350862982648,2025-08-21 04:04:56.107839,2025-08-21 04:10:17.540825,0 days 00:05:21.432986,2.5,72,128,3,4,0.95,0.01,0.002,False,True,"{'final_capital': 992.9271767435398, 'total_return_pct': -0.7072823256460192, 'ann_sharpe': -20.042350862982648, 'max_drawdown_pct': -0.6851659701035757, 'num_executed': 31, 'win_rate': 0.12903225806451613, 'avg_pnl': -0.22815558891806634, 'profit_factor': 0.04792512783783916, 'avg_pnl_ci_l': -0.29624469940742376, 'avg_pnl_ci_u': -0.1604738788333853}",COMPLETE
45,-20.120782204034015,2025-08-20 22:51:57.638409,2025-08-20 22:57:03.295491,0 days 00:05:05.657082,2.5,48,64,3,4,0.95,0.01,0.002,False,False,"{'final_capital': 993.0662622889881, 'total_return_pct': -0.6933737711011911, 'ann_sharpe': -20.120782204034015, 'max_drawdown_pct': -0.670213738121668, 'num_executed': 30, 'win_rate': 0.1, 'avg_pnl': -0.23112459036706667, 'profit_factor': 0.04748034919952524, 'avg_pnl_ci_l': -0.2944901808533061, 'avg_pnl_ci_u': -0.16792888601803319}",COMPLETE
67,-20.120782204034015,2025-08-21 01:04:14.571974,2025-08-21 01:09:24.842621,0 days 00:05:10.270647,2.5,48,64,3,4,0.95,0.01,0.002,False,False,"{'final_capital': 993.0662622889881, 'total_return_pct': -0.6933737711011911, 'ann_sharpe': -20.120782204034015, 'max_drawdown_pct': -0.670213738121668, 'num_executed': 30, 'win_rate': 0.1, 'avg_pnl': -0.23112459036706667, 'profit_factor': 0.04748034919952524, 'avg_pnl_ci_l': -0.29396868265089915, 'avg_pnl_ci_u': -0.1708183894177618}",COMPLETE
36,-20.120782204034015,2025-08-20 22:01:48.652041,2025-08-20 22:06:11.924614,0 days 00:04:23.272573,2.5,48,64,3,4,0.95,0.01,0.002,False,True,"{'final_capital': 993.0662622889881, 'total_return_pct': -0.6933737711011911, 'ann_sharpe': -20.120782204034015, 'max_drawdown_pct': -0.670213738121668, 'num_executed': 30, 'win_rate': 0.1, 'avg_pnl': -0.23112459036706667, 'profit_factor': 0.04748034919952524, 'avg_pnl_ci_l': -0.29318415403779735, 'avg_pnl_ci_u': -0.15273597096376107}",COMPLETE
76,-20.256226335853405,2025-08-21 01:59:45.311268,2025-08-21 02:04:40.388183,0 days 00:04:55.076915,1.5,48,128,3,3,0.95,0.01,0.002,False,False,"{'final_capital': 993.1492726392082, 'total_return_pct': -0.6850727360791731, 'ann_sharpe': -20.256226335853405, 'max_drawdown_pct': -0.6619107671538697, 'num_executed': 31, 'win_rate': 0.0967741935483871, 'avg_pnl': -0.22099120518682017, 'profit_factor': 0.048061524457792736, 'avg_pnl_ci_l': -0.28804240743053494, 'avg_pnl_ci_u': -0.15543553906467727}",COMPLETE
17,-20.256226335853405,2025-08-20 20:20:13.756771,2025-08-20 20:25:03.813344,0 days 00:04:50.056573,1.5,48,128,3,3,0.95,0.01,0.002,False,False,"{'final_capital': 993.1492726392082, 'total_return_pct': -0.6850727360791731, 'ann_sharpe': -20.256226335853405, 'max_drawdown_pct': -0.6619107671538697, 'num_executed': 31, 'win_rate': 0.0967741935483871, 'avg_pnl': -0.22099120518682017, 'profit_factor': 0.048061524457792736, 'avg_pnl_ci_l': -0.2832994762055469, 'avg_pnl_ci_u': -0.14887714130990373}",COMPLETE
38,-20.277231711632577,2025-08-20 22:11:48.117536,2025-08-20 22:16:16.887652,0 days 00:04:28.770116,2.0,48,64,3,4,0.85,0.01,0.002,True,True,"{'final_capital': 993.4854216194954, 'total_return_pct': -0.6514578380504621, 'ann_sharpe': -20.277231711632577, 'max_drawdown_pct': -0.6282880295461017, 'num_executed': 30, 'win_rate': 0.1, 'avg_pnl': -0.2171526126834838, 'profit_factor': 0.05040159752386333, 'avg_pnl_ci_l': -0.27933169195586216, 'avg_pnl_ci_u': -0.16319195034457123}",COMPLETE
7,-20.297310030452536,2025-08-20 19:28:39.853245,2025-08-20 19:31:25.775495,0 days 00:02:45.922250,2.5,48,64,2,3,0.9,0.005,0.005,False,False,"{'final_capital': 992.8872830327865, 'total_return_pct': -0.7112716967213495, 'ann_sharpe': -20.297310030452536, 'max_drawdown_pct': -0.6881158378494733, 'num_executed': 30, 'win_rate': 0.1, 'avg_pnl': -0.23709056557378733, 'profit_factor': 0.04634923539937208, 'avg_pnl_ci_l': -0.3002528824089753, 'avg_pnl_ci_u': -0.16747712918316324}",COMPLETE
3,-21.178805820680747,2025-08-20 19:11:18.199211,2025-08-20 19:14:45.399177,0 days 00:03:27.199966,2.0,48,128,2,3,0.85,0.005,0.005,True,False,"{'final_capital': 993.6770283401781, 'total_return_pct': -0.6322971659821874, 'ann_sharpe': -21.178805820680747, 'max_drawdown_pct': -0.6091228888757384, 'num_executed': 30, 'win_rate': 0.03333333333333333, 'avg_pnl': -0.21076572199405835, 'profit_factor': 0.025810638355698166, 'avg_pnl_ci_l': -0.26244238357642746, 'avg_pnl_ci_u': -0.16323377864879726}",COMPLETE
2,-21.201724040008923,2025-08-20 19:08:29.335599,2025-08-20 19:11:18.198926,0 days 00:02:48.863327,1.5,48,64,2,3,0.95,0.005,0.005,True,True,"{'final_capital': 992.7283766576315, 'total_return_pct': -0.7271623342368416, 'ann_sharpe': -21.201724040008923, 'max_drawdown_pct': -0.7040101813381052, 'num_executed': 30, 'win_rate': 0.1, 'avg_pnl': -0.2423874447456102, 'profit_factor': 0.04539752843673703, 'avg_pnl_ci_l': -0.2997964685691572, 'avg_pnl_ci_u': -0.18320964924720437}",COMPLETE
49,-21.27472909548855,2025-08-20 23:14:31.458117,2025-08-20 23:19:41.762546,0 days 00:05:10.304429,1.5,48,64,3,4,0.95,0.01,0.002,False,False,"{'final_capital': 993.0436388979265, 'total_return_pct': -0.6956361102073538, 'ann_sharpe': -21.27472909548855, 'max_drawdown_pct': -0.6724766048446722, 'num_executed': 30, 'win_rate': 0.1, 'avg_pnl': -0.23187870340243938, 'profit_factor': 0.04734905791516748, 'avg_pnl_ci_l': -0.28906643391066017, 'avg_pnl_ci_u': -0.17708059051894529}",COMPLETE
89,-21.435400879712585,2025-08-21 03:18:57.408946,2025-08-21 03:22:49.228297,0 days 00:03:51.819351,1.5,48,64,3,3,0.95,0.01,0.002,False,False,"{'final_capital': 993.1306866367844, 'total_return_pct': -0.6869313363215612, 'ann_sharpe': -21.435400879712585, 'max_drawdown_pct': -0.6637698008541654, 'num_executed': 31, 'win_rate': 0.0967741935483871, 'avg_pnl': -0.22159075365210662, 'profit_factor': 0.047914776043151454, 'avg_pnl_ci_l': -0.2733553032829188, 'avg_pnl_ci_u': -0.16676571195702244}",COMPLETE
28,-22.4810702918315,2025-08-20 21:20:06.722890,2025-08-20 21:24:52.678793,0 days 00:04:45.955903,1.5,72,128,3,3,0.9,0.005,0.002,False,False,"{'final_capital': 992.9288221028319, 'total_return_pct': -0.7071177897168157, 'ann_sharpe': -22.4810702918315, 'max_drawdown_pct': -0.683960962081554, 'num_executed': 31, 'win_rate': 0.03225806451612903, 'avg_pnl': -0.22810251281186825, 'profit_factor': 0.023131761937948234, 'avg_pnl_ci_l': -0.272387100080733, 'avg_pnl_ci_u': -0.18088288222589863}",COMPLETE
5,-22.4810702918315,2025-08-20 19:19:43.535932,2025-08-20 19:24:37.641732,0 days 00:04:54.105800,1.5,72,128,3,3,0.85,0.01,0.002,False,True,"{'final_capital': 992.9288221028319, 'total_return_pct': -0.7071177897168157, 'ann_sharpe': -22.4810702918315, 'max_drawdown_pct': -0.683960962081554, 'num_executed': 31, 'win_rate': 0.03225806451612903, 'avg_pnl': -0.22810251281186825, 'profit_factor': 0.023131761937948234, 'avg_pnl_ci_l': -0.2778856913940901, 'avg_pnl_ci_u': -0.18324196352041083}",COMPLETE
