prob,thr,atr_mult,hold,n_trades,avg_net_return_pct,total_net_return_pct,win_rate,avg_net_return_ci_l,avg_net_return_ci_u
0.7,0.0005,1.5,4,17,-0.0037048644056641377,-0.06298269489629034,0.23529411764705882,-0.0053286818967217065,-0.0019545321742764016
0.7,0.0005,1.5,6,17,-0.0037048644056641377,-0.06298269489629034,0.23529411764705882,-0.005269712119182371,-0.0018797913539155525
0.7,0.0005,1.5,8,17,-0.0037048644056641377,-0.06298269489629034,0.23529411764705882,-0.005312215567331549,-0.002052268966920101
0.7,0.0005,1.5,12,17,-0.0037048644056641377,-0.06298269489629034,0.23529411764705882,-0.005436083753849601,-0.002064796802922671
0.7,0.0005,2.0,4,17,-0.0037048644056641377,-0.06298269489629034,0.23529411764705882,-0.005372369686373523,-0.0019738177224414995
0.7,0.0005,2.0,6,17,-0.0037048644056641377,-0.06298269489629034,0.23529411764705882,-0.005627521977858189,-0.0021317574210961685
0.7,0.0005,2.0,8,17,-0.0037048644056641377,-0.06298269489629034,0.23529411764705882,-0.005260579340990436,-0.0020042137013398967
0.7,0.0005,2.0,12,17,-0.0037048644056641377,-0.06298269489629034,0.23529411764705882,-0.00559515334090202,-0.0018012727933635184
0.7,0.0005,2.5,4,17,-0.0037048644056641377,-0.06298269489629034,0.23529411764705882,-0.005336617918059415,-0.0019615764070289765
0.7,0.0005,2.5,6,17,-0.0037048644056641377,-0.06298269489629034,0.23529411764705882,-0.00551025180673095,-0.0020128619255334987
0.7,0.0005,2.5,8,17,-0.0037048644056641377,-0.06298269489629034,0.23529411764705882,-0.005255466270663819,-0.0019638799548395668
0.7,0.0005,2.5,12,17,-0.0037048644056641377,-0.06298269489629034,0.23529411764705882,-0.005231089931517609,-0.002068572084176878
0.7,0.0005,3.0,4,17,-0.0037048644056641377,-0.06298269489629034,0.23529411764705882,-0.005525282687140973,-0.0021553046504491436
0.7,0.0005,3.0,6,17,-0.0037048644056641377,-0.06298269489629034,0.23529411764705882,-0.005380872679456806,-0.002100272267419586
0.7,0.0005,3.0,8,17,-0.0037048644056641377,-0.06298269489629034,0.23529411764705882,-0.005345112992132285,-0.0018373668027208527
0.7,0.0005,3.0,12,17,-0.0037048644056641377,-0.06298269489629034,0.23529411764705882,-0.005327522096743559,-0.0021757199733530175
0.7,0.001,1.5,4,17,-0.0037048644056641377,-0.06298269489629034,0.23529411764705882,-0.005506312229595526,-0.0020555594751810527
0.7,0.001,1.5,6,17,-0.0037048644056641377,-0.06298269489629034,0.23529411764705882,-0.005247526957481538,-0.0023567896900013588
0.7,0.001,1.5,8,17,-0.0037048644056641377,-0.06298269489629034,0.23529411764705882,-0.0051117936208917355,-0.002028519901120847
0.7,0.001,1.5,12,17,-0.0037048644056641377,-0.06298269489629034,0.23529411764705882,-0.005435179467180706,-0.0019323651520413798
0.7,0.001,2.0,4,17,-0.0037048644056641377,-0.06298269489629034,0.23529411764705882,-0.005427992413835435,-0.002033461923650866
0.7,0.001,2.0,6,17,-0.0037048644056641377,-0.06298269489629034,0.23529411764705882,-0.005339998242972888,-0.002038504320085588
0.7,0.001,2.0,8,17,-0.0037048644056641377,-0.06298269489629034,0.23529411764705882,-0.005347826859191788,-0.00190691778158651
0.7,0.001,2.0,12,17,-0.0037048644056641377,-0.06298269489629034,0.23529411764705882,-0.005340744130320358,-0.0020698020728957315
0.7,0.001,2.5,4,17,-0.0037048644056641377,-0.06298269489629034,0.23529411764705882,-0.005484434412742077,-0.00205953333425993
0.7,0.001,2.5,6,17,-0.0037048644056641377,-0.06298269489629034,0.23529411764705882,-0.005456338335487029,-0.002072133664107288
0.7,0.001,2.5,8,17,-0.0037048644056641377,-0.06298269489629034,0.23529411764705882,-0.005500912679193873,-0.0019765234090409938
0.7,0.001,2.5,12,17,-0.0037048644056641377,-0.06298269489629034,0.23529411764705882,-0.00537641901569521,-0.001996045679314209
0.7,0.001,3.0,4,17,-0.0037048644056641377,-0.06298269489629034,0.23529411764705882,-0.005310413209576714,-0.0018672179316490704
0.7,0.001,3.0,6,17,-0.0037048644056641377,-0.06298269489629034,0.23529411764705882,-0.005402312541318201,-0.0020419572642005894
0.7,0.001,3.0,8,17,-0.0037048644056641377,-0.06298269489629034,0.23529411764705882,-0.00557265250816277,-0.002024660984056843
0.7,0.001,3.0,12,17,-0.0037048644056641377,-0.06298269489629034,0.23529411764705882,-0.005576857484483093,-0.0020299632396667726
0.7,0.0015,1.5,4,17,-0.0037048644056641377,-0.06298269489629034,0.23529411764705882,-0.005367223192481374,-0.001971293513142902
0.7,0.0015,1.5,6,17,-0.0037048644056641377,-0.06298269489629034,0.23529411764705882,-0.005497477044951122,-0.00228511684961131
0.7,0.0015,1.5,8,17,-0.0037048644056641377,-0.06298269489629034,0.23529411764705882,-0.0054732209423290976,-0.002117124863198543
0.7,0.0015,1.5,12,17,-0.0037048644056641377,-0.06298269489629034,0.23529411764705882,-0.005451661732935021,-0.0019785461173420405
0.7,0.0015,2.0,4,17,-0.0037048644056641377,-0.06298269489629034,0.23529411764705882,-0.0054610876905326735,-0.0019955036083849995
0.7,0.0015,2.0,6,17,-0.0037048644056641377,-0.06298269489629034,0.23529411764705882,-0.005321036985027274,-0.0021258413439629604
0.7,0.0015,2.0,8,17,-0.0037048644056641377,-0.06298269489629034,0.23529411764705882,-0.005433524066817392,-0.002136826797611862
0.7,0.0015,2.0,12,17,-0.0037048644056641377,-0.06298269489629034,0.23529411764705882,-0.005284377719337973,-0.001989905134563049
0.7,0.0015,2.5,4,17,-0.0037048644056641377,-0.06298269489629034,0.23529411764705882,-0.005281252084627912,-0.0019437898269932545
0.7,0.0015,2.5,6,17,-0.0037048644056641377,-0.06298269489629034,0.23529411764705882,-0.005391876406582023,-0.002197907586732996
0.7,0.0015,2.5,8,17,-0.0037048644056641377,-0.06298269489629034,0.23529411764705882,-0.005448962763914586,-0.0019216643548039041
0.7,0.0015,2.5,12,17,-0.0037048644056641377,-0.06298269489629034,0.23529411764705882,-0.005340976804788107,-0.0021423513682979826
0.7,0.0015,3.0,4,17,-0.0037048644056641377,-0.06298269489629034,0.23529411764705882,-0.00549935017331031,-0.001937397433849232
0.7,0.0015,3.0,6,17,-0.0037048644056641377,-0.06298269489629034,0.23529411764705882,-0.005252325413107612,-0.0021332706659724565
0.7,0.0015,3.0,8,17,-0.0037048644056641377,-0.06298269489629034,0.23529411764705882,-0.005202738927209359,-0.0021467073340802607
0.7,0.0015,3.0,12,17,-0.0037048644056641377,-0.06298269489629034,0.23529411764705882,-0.005089074363934933,-0.0019232045892941232
0.7,0.002,1.5,4,17,-0.0037048644056641377,-0.06298269489629034,0.23529411764705882,-0.0053810801211784665,-0.001984162147906287
0.7,0.002,1.5,6,17,-0.0037048644056641377,-0.06298269489629034,0.23529411764705882,-0.005270105569925347,-0.0020821747116687543
0.7,0.002,1.5,8,17,-0.0037048644056641377,-0.06298269489629034,0.23529411764705882,-0.005560128530428453,-0.002131343018120485
0.7,0.002,1.5,12,17,-0.0037048644056641377,-0.06298269489629034,0.23529411764705882,-0.005385837018050763,-0.002069424258418759
0.7,0.002,2.0,4,17,-0.0037048644056641377,-0.06298269489629034,0.23529411764705882,-0.005485595420591003,-0.002162203323995999
0.7,0.002,2.0,6,17,-0.0037048644056641377,-0.06298269489629034,0.23529411764705882,-0.005522419067055656,-0.0019543121707872816
0.7,0.002,2.0,8,17,-0.0037048644056641377,-0.06298269489629034,0.23529411764705882,-0.005356703431238685,-0.0020418516928249306
0.7,0.002,2.0,12,17,-0.0037048644056641377,-0.06298269489629034,0.23529411764705882,-0.0053616767064011,-0.001958260965150938
0.7,0.002,2.5,4,17,-0.0037048644056641377,-0.06298269489629034,0.23529411764705882,-0.005480341445127992,-0.0020676034852950107
0.7,0.002,2.5,6,17,-0.0037048644056641377,-0.06298269489629034,0.23529411764705882,-0.005304707910654209,-0.002054190187913164
0.7,0.002,2.5,8,17,-0.0037048644056641377,-0.06298269489629034,0.23529411764705882,-0.005310472142479607,-0.0018854656312019184
0.7,0.002,2.5,12,17,-0.0037048644056641377,-0.06298269489629034,0.23529411764705882,-0.005385023675244164,-0.0021113007852205084
0.7,0.002,3.0,4,17,-0.0037048644056641377,-0.06298269489629034,0.23529411764705882,-0.005570100582702406,-0.0019388688883436606
0.7,0.002,3.0,6,17,-0.0037048644056641377,-0.06298269489629034,0.23529411764705882,-0.005293741893768735,-0.0019200320807699585
0.7,0.002,3.0,8,17,-0.0037048644056641377,-0.06298269489629034,0.23529411764705882,-0.005414204635707331,-0.001934187510840418
0.7,0.002,3.0,12,17,-0.0037048644056641377,-0.06298269489629034,0.23529411764705882,-0.00548577545167986,-0.00193664044326829
0.7,0.003,1.5,4,17,-0.0037048644056641377,-0.06298269489629034,0.23529411764705882,-0.005531986955994435,-0.002134222074460432
0.7,0.003,1.5,6,17,-0.0037048644056641377,-0.06298269489629034,0.23529411764705882,-0.005326205415233495,-0.0018402756092113525
0.7,0.003,1.5,8,17,-0.0037048644056641377,-0.06298269489629034,0.23529411764705882,-0.005396969620271144,-0.0020359227676142234
0.7,0.003,1.5,12,17,-0.0037048644056641377,-0.06298269489629034,0.23529411764705882,-0.005319189361968549,-0.0021215662453164426
0.7,0.003,2.0,4,17,-0.0037048644056641377,-0.06298269489629034,0.23529411764705882,-0.005423615658049107,-0.0019216463382007191
0.7,0.003,2.0,6,17,-0.0037048644056641377,-0.06298269489629034,0.23529411764705882,-0.005402383553522095,-0.0020672946848707655
0.7,0.003,2.0,8,17,-0.0037048644056641377,-0.06298269489629034,0.23529411764705882,-0.005679463799943037,-0.0019493349843639107
0.7,0.003,2.0,12,17,-0.0037048644056641377,-0.06298269489629034,0.23529411764705882,-0.0054108754167930435,-0.002196789951085752
0.7,0.003,2.5,4,17,-0.0037048644056641377,-0.06298269489629034,0.23529411764705882,-0.005464774086282249,-0.0020555409864931725
0.7,0.003,2.5,6,17,-0.0037048644056641377,-0.06298269489629034,0.23529411764705882,-0.005304815565255651,-0.0020511560130920294
0.7,0.003,2.5,8,17,-0.0037048644056641377,-0.06298269489629034,0.23529411764705882,-0.005387599495831669,-0.00209726141120218
0.7,0.003,2.5,12,17,-0.0037048644056641377,-0.06298269489629034,0.23529411764705882,-0.0052824573522950525,-0.0020745396929898684
0.7,0.003,3.0,4,17,-0.0037048644056641377,-0.06298269489629034,0.23529411764705882,-0.005328168883639013,-0.0022032211076204867
0.7,0.003,3.0,6,17,-0.0037048644056641377,-0.06298269489629034,0.23529411764705882,-0.00537504447165312,-0.0020542843219070323
0.7,0.003,3.0,8,17,-0.0037048644056641377,-0.06298269489629034,0.23529411764705882,-0.005398871721657485,-0.002290494072024533
0.7,0.003,3.0,12,17,-0.0037048644056641377,-0.06298269489629034,0.23529411764705882,-0.005460314111165646,-0.0021262430729420342
0.75,0.0005,1.5,4,17,-0.0037048644056641377,-0.06298269489629034,0.23529411764705882,-0.005379411495881303,-0.001953397647071735
0.75,0.0005,1.5,6,17,-0.0037048644056641377,-0.06298269489629034,0.23529411764705882,-0.005230254007436546,-0.0020316362621486768
0.75,0.0005,1.5,8,17,-0.0037048644056641377,-0.06298269489629034,0.23529411764705882,-0.005332668171075813,-0.0020518665673811072
0.75,0.0005,1.5,12,17,-0.0037048644056641377,-0.06298269489629034,0.23529411764705882,-0.005205569494519087,-0.0020585582923931998
0.75,0.0005,2.0,4,17,-0.0037048644056641377,-0.06298269489629034,0.23529411764705882,-0.005323198682969243,-0.001976463198269099
0.75,0.0005,2.0,6,17,-0.0037048644056641377,-0.06298269489629034,0.23529411764705882,-0.005354907398739794,-0.0022456745549453267
0.75,0.0005,2.0,8,17,-0.0037048644056641377,-0.06298269489629034,0.23529411764705882,-0.00534511822987465,-0.002144644250599508
0.75,0.0005,2.0,12,17,-0.0037048644056641377,-0.06298269489629034,0.23529411764705882,-0.005364374540072966,-0.001996616734355622
0.75,0.0005,2.5,4,17,-0.0037048644056641377,-0.06298269489629034,0.23529411764705882,-0.005432050227145935,-0.001822239539524166
0.75,0.0005,2.5,6,17,-0.0037048644056641377,-0.06298269489629034,0.23529411764705882,-0.005383108083820232,-0.00227029186543982
0.75,0.0005,2.5,8,17,-0.0037048644056641377,-0.06298269489629034,0.23529411764705882,-0.005741759839540602,-0.001871337392435111
0.75,0.0005,2.5,12,17,-0.0037048644056641377,-0.06298269489629034,0.23529411764705882,-0.0051815567946266634,-0.002076308648173902
0.75,0.0005,3.0,4,17,-0.0037048644056641377,-0.06298269489629034,0.23529411764705882,-0.005477079588166967,-0.002062248299114915
0.75,0.0005,3.0,6,17,-0.0037048644056641377,-0.06298269489629034,0.23529411764705882,-0.005442363595995861,-0.002111546468023627
0.75,0.0005,3.0,8,17,-0.0037048644056641377,-0.06298269489629034,0.23529411764705882,-0.005263577007557735,-0.0018531230056315765
0.75,0.0005,3.0,12,17,-0.0037048644056641377,-0.06298269489629034,0.23529411764705882,-0.0053159808070167534,-0.0019357188974788598
0.75,0.001,1.5,4,17,-0.0037048644056641377,-0.06298269489629034,0.23529411764705882,-0.0055587798389465475,-0.00223077704489919
0.75,0.001,1.5,6,17,-0.0037048644056641377,-0.06298269489629034,0.23529411764705882,-0.005550263931622664,-0.0022172327215160374
0.75,0.001,1.5,8,17,-0.0037048644056641377,-0.06298269489629034,0.23529411764705882,-0.0056112779370182655,-0.002006358565679543
0.75,0.001,1.5,12,17,-0.0037048644056641377,-0.06298269489629034,0.23529411764705882,-0.005439742326844352,-0.0021600489430942398
0.75,0.001,2.0,4,17,-0.0037048644056641377,-0.06298269489629034,0.23529411764705882,-0.005377194071260122,-0.0018700990055742696
0.75,0.001,2.0,6,17,-0.0037048644056641377,-0.06298269489629034,0.23529411764705882,-0.005181210643556652,-0.0021402010892452596
0.75,0.001,2.0,8,17,-0.0037048644056641377,-0.06298269489629034,0.23529411764705882,-0.00542416933088216,-0.0020491301498240075
0.75,0.001,2.0,12,17,-0.0037048644056641377,-0.06298269489629034,0.23529411764705882,-0.005218131683943422,-0.0020846831948332493
0.75,0.001,2.5,4,17,-0.0037048644056641377,-0.06298269489629034,0.23529411764705882,-0.005506689572630939,-0.0019593422445865244
0.75,0.001,2.5,6,17,-0.0037048644056641377,-0.06298269489629034,0.23529411764705882,-0.005331790006876365,-0.0020361524529643356
0.75,0.001,2.5,8,17,-0.0037048644056641377,-0.06298269489629034,0.23529411764705882,-0.005459018709628528,-0.002167724640470209
0.75,0.001,2.5,12,17,-0.0037048644056641377,-0.06298269489629034,0.23529411764705882,-0.0055009818076536135,-0.002181125386897487
0.75,0.001,3.0,4,17,-0.0037048644056641377,-0.06298269489629034,0.23529411764705882,-0.005381684845666866,-0.002010925860131085
0.75,0.001,3.0,6,17,-0.0037048644056641377,-0.06298269489629034,0.23529411764705882,-0.005488994597725021,-0.001709806615095628
0.75,0.001,3.0,8,17,-0.0037048644056641377,-0.06298269489629034,0.23529411764705882,-0.005383591459165603,-0.0020366249106215446
0.75,0.001,3.0,12,17,-0.0037048644056641377,-0.06298269489629034,0.23529411764705882,-0.005574418636821516,-0.0019887168507635453
0.75,0.0015,1.5,4,17,-0.0037048644056641377,-0.06298269489629034,0.23529411764705882,-0.005473541589903759,-0.0021093746330302825
0.75,0.0015,1.5,6,17,-0.0037048644056641377,-0.06298269489629034,0.23529411764705882,-0.005344966004096785,-0.0022030033856297268
0.75,0.0015,1.5,8,17,-0.0037048644056641377,-0.06298269489629034,0.23529411764705882,-0.005514198035250554,-0.002036333517252114
0.75,0.0015,1.5,12,17,-0.0037048644056641377,-0.06298269489629034,0.23529411764705882,-0.0054114135030171985,-0.0020959961459611964
0.75,0.0015,2.0,4,17,-0.0037048644056641377,-0.06298269489629034,0.23529411764705882,-0.005400350468652824,-0.002283420609260337
0.75,0.0015,2.0,6,17,-0.0037048644056641377,-0.06298269489629034,0.23529411764705882,-0.005150647905517578,-0.0019610104413059475
0.75,0.0015,2.0,8,17,-0.0037048644056641377,-0.06298269489629034,0.23529411764705882,-0.005192030251218891,-0.0020941318922067143
0.75,0.0015,2.0,12,17,-0.0037048644056641377,-0.06298269489629034,0.23529411764705882,-0.005149727746067476,-0.0021161799212657505
0.75,0.0015,2.5,4,17,-0.0037048644056641377,-0.06298269489629034,0.23529411764705882,-0.005382140816989492,-0.0021482651817085353
0.75,0.0015,2.5,6,17,-0.0037048644056641377,-0.06298269489629034,0.23529411764705882,-0.005346451021772244,-0.001960832069524168
0.75,0.0015,2.5,8,17,-0.0037048644056641377,-0.06298269489629034,0.23529411764705882,-0.005392989209867877,-0.0022044279689246034
0.75,0.0015,2.5,12,17,-0.0037048644056641377,-0.06298269489629034,0.23529411764705882,-0.005545453415927475,-0.002029382651402521
0.75,0.0015,3.0,4,17,-0.0037048644056641377,-0.06298269489629034,0.23529411764705882,-0.005481161015550637,-0.001990499837509362
0.75,0.0015,3.0,6,17,-0.0037048644056641377,-0.06298269489629034,0.23529411764705882,-0.005478786048097119,-0.002012638449674259
0.75,0.0015,3.0,8,17,-0.0037048644056641377,-0.06298269489629034,0.23529411764705882,-0.005494060017824291,-0.0020346842182550557
0.75,0.0015,3.0,12,17,-0.0037048644056641377,-0.06298269489629034,0.23529411764705882,-0.005292034231930924,-0.0022153776482590985
0.75,0.002,1.5,4,17,-0.0037048644056641377,-0.06298269489629034,0.23529411764705882,-0.005332279477384462,-0.001986800425443304
0.75,0.002,1.5,6,17,-0.0037048644056641377,-0.06298269489629034,0.23529411764705882,-0.005220502663841001,-0.0021577058026904143
0.75,0.002,1.5,8,17,-0.0037048644056641377,-0.06298269489629034,0.23529411764705882,-0.005347907169905206,-0.002007066599916885
0.75,0.002,1.5,12,17,-0.0037048644056641377,-0.06298269489629034,0.23529411764705882,-0.005267183942599762,-0.0018731660892225494
0.75,0.002,2.0,4,17,-0.0037048644056641377,-0.06298269489629034,0.23529411764705882,-0.005426191376352221,-0.002118229106774897
0.75,0.002,2.0,6,17,-0.0037048644056641377,-0.06298269489629034,0.23529411764705882,-0.005440268735865534,-0.001959819436361435
0.75,0.002,2.0,8,17,-0.0037048644056641377,-0.06298269489629034,0.23529411764705882,-0.005416000343137155,-0.0017899487510215414
0.75,0.002,2.0,12,17,-0.0037048644056641377,-0.06298269489629034,0.23529411764705882,-0.005581782656038564,-0.002122464147047659
0.75,0.002,2.5,4,17,-0.0037048644056641377,-0.06298269489629034,0.23529411764705882,-0.00549455075515772,-0.002172101425464912
0.75,0.002,2.5,6,17,-0.0037048644056641377,-0.06298269489629034,0.23529411764705882,-0.005331799979452802,-0.002122112932716587
0.75,0.002,2.5,8,17,-0.0037048644056641377,-0.06298269489629034,0.23529411764705882,-0.005478202924351035,-0.002194604197104783
0.75,0.002,2.5,12,17,-0.0037048644056641377,-0.06298269489629034,0.23529411764705882,-0.00533526951496576,-0.0019067006621508941
0.75,0.002,3.0,4,17,-0.0037048644056641377,-0.06298269489629034,0.23529411764705882,-0.005527382940768159,-0.0022750100967656034
0.75,0.002,3.0,6,17,-0.0037048644056641377,-0.06298269489629034,0.23529411764705882,-0.00545318318238149,-0.001965106649710229
0.75,0.002,3.0,8,17,-0.0037048644056641377,-0.06298269489629034,0.23529411764705882,-0.005238994751922828,-0.002101879833556903
0.75,0.002,3.0,12,17,-0.0037048644056641377,-0.06298269489629034,0.23529411764705882,-0.005534884896522087,-0.001961577855187403
0.75,0.003,1.5,4,17,-0.0037048644056641377,-0.06298269489629034,0.23529411764705882,-0.005268263801592799,-0.0020801793353998625
0.75,0.003,1.5,6,17,-0.0037048644056641377,-0.06298269489629034,0.23529411764705882,-0.005172352142361467,-0.00199253680639685
0.75,0.003,1.5,8,17,-0.0037048644056641377,-0.06298269489629034,0.23529411764705882,-0.005368599147203928,-0.002102976430782656
0.75,0.003,1.5,12,17,-0.0037048644056641377,-0.06298269489629034,0.23529411764705882,-0.0052562021491417855,-0.0019477448929702901
0.75,0.003,2.0,4,17,-0.0037048644056641377,-0.06298269489629034,0.23529411764705882,-0.005085412378430893,-0.001902047068587725
0.75,0.003,2.0,6,17,-0.0037048644056641377,-0.06298269489629034,0.23529411764705882,-0.005318820427035113,-0.002150854262096253
0.75,0.003,2.0,8,17,-0.0037048644056641377,-0.06298269489629034,0.23529411764705882,-0.005546630613696067,-0.0018773931320506365
0.75,0.003,2.0,12,17,-0.0037048644056641377,-0.06298269489629034,0.23529411764705882,-0.005333939700183257,-0.001911394377635016
0.75,0.003,2.5,4,17,-0.0037048644056641377,-0.06298269489629034,0.23529411764705882,-0.005252987066987792,-0.0018887493985035853
0.75,0.003,2.5,6,17,-0.0037048644056641377,-0.06298269489629034,0.23529411764705882,-0.005622926818402459,-0.002093150993741573
0.75,0.003,2.5,8,17,-0.0037048644056641377,-0.06298269489629034,0.23529411764705882,-0.005627023591069232,-0.0020047657955965495
0.75,0.003,2.5,12,17,-0.0037048644056641377,-0.06298269489629034,0.23529411764705882,-0.005222559427042913,-0.001985832016158722
0.75,0.003,3.0,4,17,-0.0037048644056641377,-0.06298269489629034,0.23529411764705882,-0.0051082875861514915,-0.00228859451257005
0.75,0.003,3.0,6,17,-0.0037048644056641377,-0.06298269489629034,0.23529411764705882,-0.0053965791699599214,-0.0017856448451441791
0.75,0.003,3.0,8,17,-0.0037048644056641377,-0.06298269489629034,0.23529411764705882,-0.005545887076661348,-0.0017781424999123861
0.75,0.003,3.0,12,17,-0.0037048644056641377,-0.06298269489629034,0.23529411764705882,-0.005735364567277312,-0.002122442475458863
0.8,0.0005,1.5,4,17,-0.0037048644056641377,-0.06298269489629034,0.23529411764705882,-0.005305666421194249,-0.0019202676516216594
0.8,0.0005,1.5,6,17,-0.0037048644056641377,-0.06298269489629034,0.23529411764705882,-0.00522066556922821,-0.0017211097616886889
0.8,0.0005,1.5,8,17,-0.0037048644056641377,-0.06298269489629034,0.23529411764705882,-0.005357133224560377,-0.0019493032213019304
0.8,0.0005,1.5,12,17,-0.0037048644056641377,-0.06298269489629034,0.23529411764705882,-0.005410558468946317,-0.0020553891189172492
0.8,0.0005,2.0,4,17,-0.0037048644056641377,-0.06298269489629034,0.23529411764705882,-0.005224886382801925,-0.001991173926282669
0.8,0.0005,2.0,6,17,-0.0037048644056641377,-0.06298269489629034,0.23529411764705882,-0.005356867481679137,-0.0018843835036574414
0.8,0.0005,2.0,8,17,-0.0037048644056641377,-0.06298269489629034,0.23529411764705882,-0.005419819911836533,-0.0018772596230762295
0.8,0.0005,2.0,12,17,-0.0037048644056641377,-0.06298269489629034,0.23529411764705882,-0.005674215844759706,-0.002147645126475702
0.8,0.0005,2.5,4,17,-0.0037048644056641377,-0.06298269489629034,0.23529411764705882,-0.005103760288666698,-0.002034992918211056
0.8,0.0005,2.5,6,17,-0.0037048644056641377,-0.06298269489629034,0.23529411764705882,-0.005219964573217318,-0.002135579284681966
0.8,0.0005,2.5,8,17,-0.0037048644056641377,-0.06298269489629034,0.23529411764705882,-0.005305409952589282,-0.0018463989219857104
0.8,0.0005,2.5,12,17,-0.0037048644056641377,-0.06298269489629034,0.23529411764705882,-0.005558083456296649,-0.0018918650258744065
0.8,0.0005,3.0,4,17,-0.0037048644056641377,-0.06298269489629034,0.23529411764705882,-0.0051627037493716,-0.002069894220950789
0.8,0.0005,3.0,6,17,-0.0037048644056641377,-0.06298269489629034,0.23529411764705882,-0.005278612573671496,-0.002317785253571485
0.8,0.0005,3.0,8,17,-0.0037048644056641377,-0.06298269489629034,0.23529411764705882,-0.005389487870071053,-0.0020871867746823525
0.8,0.0005,3.0,12,17,-0.0037048644056641377,-0.06298269489629034,0.23529411764705882,-0.005246388032091891,-0.0021103988646108767
0.8,0.001,1.5,4,17,-0.0037048644056641377,-0.06298269489629034,0.23529411764705882,-0.005507710700339949,-0.0019724745440975215
0.8,0.001,1.5,6,17,-0.0037048644056641377,-0.06298269489629034,0.23529411764705882,-0.005438693747517952,-0.0018488374946178227
0.8,0.001,1.5,8,17,-0.0037048644056641377,-0.06298269489629034,0.23529411764705882,-0.005221186297052038,-0.0019167294818013766
0.8,0.001,1.5,12,17,-0.0037048644056641377,-0.06298269489629034,0.23529411764705882,-0.005189104038389771,-0.001953318276155875
0.8,0.001,2.0,4,17,-0.0037048644056641377,-0.06298269489629034,0.23529411764705882,-0.005545977066104482,-0.002032193381797702
0.8,0.001,2.0,6,17,-0.0037048644056641377,-0.06298269489629034,0.23529411764705882,-0.005311894630403797,-0.0021947278802674935
0.8,0.001,2.0,8,17,-0.0037048644056641377,-0.06298269489629034,0.23529411764705882,-0.005491284561004016,-0.0021755647363758653
0.8,0.001,2.0,12,17,-0.0037048644056641377,-0.06298269489629034,0.23529411764705882,-0.005470617843582412,-0.0017810418101428314
0.8,0.001,2.5,4,17,-0.0037048644056641377,-0.06298269489629034,0.23529411764705882,-0.00535018414923239,-0.002077204368512029
0.8,0.001,2.5,6,17,-0.0037048644056641377,-0.06298269489629034,0.23529411764705882,-0.005706949542677673,-0.002066319584719097
0.8,0.001,2.5,8,17,-0.0037048644056641377,-0.06298269489629034,0.23529411764705882,-0.005574709623726448,-0.002006642310313548
0.8,0.001,2.5,12,17,-0.0037048644056641377,-0.06298269489629034,0.23529411764705882,-0.005265621308885584,-0.0019825000389422863
0.8,0.001,3.0,4,17,-0.0037048644056641377,-0.06298269489629034,0.23529411764705882,-0.005421777831389042,-0.0020953432820096474
0.8,0.001,3.0,6,17,-0.0037048644056641377,-0.06298269489629034,0.23529411764705882,-0.005385446270965813,-0.002175941440388729
0.8,0.001,3.0,8,17,-0.0037048644056641377,-0.06298269489629034,0.23529411764705882,-0.005318403435285387,-0.0021157592823281097
0.8,0.001,3.0,12,17,-0.0037048644056641377,-0.06298269489629034,0.23529411764705882,-0.005465192871982247,-0.0019705979746374174
0.8,0.0015,1.5,4,17,-0.0037048644056641377,-0.06298269489629034,0.23529411764705882,-0.005272538151039904,-0.0021465236158397594
0.8,0.0015,1.5,6,17,-0.0037048644056641377,-0.06298269489629034,0.23529411764705882,-0.005432950130679953,-0.0019267066623046352
0.8,0.0015,1.5,8,17,-0.0037048644056641377,-0.06298269489629034,0.23529411764705882,-0.005217264306292946,-0.002209203588401407
0.8,0.0015,1.5,12,17,-0.0037048644056641377,-0.06298269489629034,0.23529411764705882,-0.005442510993305435,-0.0020624712343026977
0.8,0.0015,2.0,4,17,-0.0037048644056641377,-0.06298269489629034,0.23529411764705882,-0.005444298975240593,-0.0018425939421518338
0.8,0.0015,2.0,6,17,-0.0037048644056641377,-0.06298269489629034,0.23529411764705882,-0.0053022287153312265,-0.0017321719084994343
0.8,0.0015,2.0,8,17,-0.0037048644056641377,-0.06298269489629034,0.23529411764705882,-0.005257381840048706,-0.002107197148794728
0.8,0.0015,2.0,12,17,-0.0037048644056641377,-0.06298269489629034,0.23529411764705882,-0.0053281814860412155,-0.0021330974309880135
0.8,0.0015,2.5,4,17,-0.0037048644056641377,-0.06298269489629034,0.23529411764705882,-0.005577645099853812,-0.0022041212935341547
0.8,0.0015,2.5,6,17,-0.0037048644056641377,-0.06298269489629034,0.23529411764705882,-0.005204489801495338,-0.001922212370279726
0.8,0.0015,2.5,8,17,-0.0037048644056641377,-0.06298269489629034,0.23529411764705882,-0.005524311754492488,-0.0019514110994383886
0.8,0.0015,2.5,12,17,-0.0037048644056641377,-0.06298269489629034,0.23529411764705882,-0.00508945640580621,-0.0019245344787575135
0.8,0.0015,3.0,4,17,-0.0037048644056641377,-0.06298269489629034,0.23529411764705882,-0.005460809416480402,-0.0020147703279766336
0.8,0.0015,3.0,6,17,-0.0037048644056641377,-0.06298269489629034,0.23529411764705882,-0.005221443402441153,-0.0019178976764675079
0.8,0.0015,3.0,8,17,-0.0037048644056641377,-0.06298269489629034,0.23529411764705882,-0.00546852309178499,-0.002049027341103246
0.8,0.0015,3.0,12,17,-0.0037048644056641377,-0.06298269489629034,0.23529411764705882,-0.005410737359448915,-0.0018694393953211706
0.8,0.002,1.5,4,17,-0.0037048644056641377,-0.06298269489629034,0.23529411764705882,-0.005312116837287453,-0.0020593292924203557
0.8,0.002,1.5,6,17,-0.0037048644056641377,-0.06298269489629034,0.23529411764705882,-0.005394875391249037,-0.0017797452106352906
0.8,0.002,1.5,8,17,-0.0037048644056641377,-0.06298269489629034,0.23529411764705882,-0.005178385759872863,-0.002025946158780511
0.8,0.002,1.5,12,17,-0.0037048644056641377,-0.06298269489629034,0.23529411764705882,-0.0052719455218648865,-0.0019353922184616042
0.8,0.002,2.0,4,17,-0.0037048644056641377,-0.06298269489629034,0.23529411764705882,-0.005291913193087152,-0.0020413153649661707
0.8,0.002,2.0,6,17,-0.0037048644056641377,-0.06298269489629034,0.23529411764705882,-0.005289030103845502,-0.0019146130002839236
0.8,0.002,2.0,8,17,-0.0037048644056641377,-0.06298269489629034,0.23529411764705882,-0.005402045384077833,-0.0019188866220916972
0.8,0.002,2.0,12,17,-0.0037048644056641377,-0.06298269489629034,0.23529411764705882,-0.005414450101387272,-0.002274325239446736
0.8,0.002,2.5,4,17,-0.0037048644056641377,-0.06298269489629034,0.23529411764705882,-0.005240190040709253,-0.0021031939330132723
0.8,0.002,2.5,6,17,-0.0037048644056641377,-0.06298269489629034,0.23529411764705882,-0.005458501267660248,-0.001997560990742051
0.8,0.002,2.5,8,17,-0.0037048644056641377,-0.06298269489629034,0.23529411764705882,-0.005316437855717495,-0.0021343155127153215
0.8,0.002,2.5,12,17,-0.0037048644056641377,-0.06298269489629034,0.23529411764705882,-0.00515386137686397,-0.001941954443040591
0.8,0.002,3.0,4,17,-0.0037048644056641377,-0.06298269489629034,0.23529411764705882,-0.005493384158773048,-0.0017581309762631481
0.8,0.002,3.0,6,17,-0.0037048644056641377,-0.06298269489629034,0.23529411764705882,-0.0053790948071922775,-0.0020137863935209945
0.8,0.002,3.0,8,17,-0.0037048644056641377,-0.06298269489629034,0.23529411764705882,-0.005438325616543026,-0.0018287844059083715
0.8,0.002,3.0,12,17,-0.0037048644056641377,-0.06298269489629034,0.23529411764705882,-0.0056975348930872645,-0.00213848519381708
0.8,0.003,1.5,4,17,-0.0037048644056641377,-0.06298269489629034,0.23529411764705882,-0.005393261953266757,-0.0020049452950400594
0.8,0.003,1.5,6,17,-0.0037048644056641377,-0.06298269489629034,0.23529411764705882,-0.005247008164542737,-0.002078318965380379
0.8,0.003,1.5,8,17,-0.0037048644056641377,-0.06298269489629034,0.23529411764705882,-0.00538102558307891,-0.0022234545933352704
0.8,0.003,1.5,12,17,-0.0037048644056641377,-0.06298269489629034,0.23529411764705882,-0.0054932939199914994,-0.0022246614873347227
0.8,0.003,2.0,4,17,-0.0037048644056641377,-0.06298269489629034,0.23529411764705882,-0.005421390951177918,-0.001976444221838584
0.8,0.003,2.0,6,17,-0.0037048644056641377,-0.06298269489629034,0.23529411764705882,-0.005281446320879293,-0.002015464345606165
0.8,0.003,2.0,8,17,-0.0037048644056641377,-0.06298269489629034,0.23529411764705882,-0.005218716752093095,-0.002025862767307595
0.8,0.003,2.0,12,17,-0.0037048644056641377,-0.06298269489629034,0.23529411764705882,-0.0051300177674138735,-0.0019680773276940424
0.8,0.003,2.5,4,17,-0.0037048644056641377,-0.06298269489629034,0.23529411764705882,-0.005344237356661665,-0.002080879649131739
0.8,0.003,2.5,6,17,-0.0037048644056641377,-0.06298269489629034,0.23529411764705882,-0.005369558427862884,-0.0020868311650195435
0.8,0.003,2.5,8,17,-0.0037048644056641377,-0.06298269489629034,0.23529411764705882,-0.00550483402249493,-0.0016750216393744191
0.8,0.003,2.5,12,17,-0.0037048644056641377,-0.06298269489629034,0.23529411764705882,-0.005212018172558434,-0.001992627276914521
0.8,0.003,3.0,4,17,-0.0037048644056641377,-0.06298269489629034,0.23529411764705882,-0.0052549238315468235,-0.0021226073095375365
0.8,0.003,3.0,6,17,-0.0037048644056641377,-0.06298269489629034,0.23529411764705882,-0.005319405166970203,-0.0021806487520818294
0.8,0.003,3.0,8,17,-0.0037048644056641377,-0.06298269489629034,0.23529411764705882,-0.005579802026445998,-0.002183536833905255
0.8,0.003,3.0,12,17,-0.0037048644056641377,-0.06298269489629034,0.23529411764705882,-0.005314962805672551,-0.0019332057398279302
0.85,0.0005,1.5,4,17,-0.0037048644056641377,-0.06298269489629034,0.23529411764705882,-0.005165271973409476,-0.0017296559427011648
0.85,0.0005,1.5,6,17,-0.0037048644056641377,-0.06298269489629034,0.23529411764705882,-0.005322834866603412,-0.0018899241402656499
0.85,0.0005,1.5,8,17,-0.0037048644056641377,-0.06298269489629034,0.23529411764705882,-0.005300481483296869,-0.0019392664762758127
0.85,0.0005,1.5,12,17,-0.0037048644056641377,-0.06298269489629034,0.23529411764705882,-0.005480669369497035,-0.002137613053101082
0.85,0.0005,2.0,4,17,-0.0037048644056641377,-0.06298269489629034,0.23529411764705882,-0.005268462213550145,-0.0018628335577894714
0.85,0.0005,2.0,6,17,-0.0037048644056641377,-0.06298269489629034,0.23529411764705882,-0.005207484487967662,-0.0020053837779550727
0.85,0.0005,2.0,8,17,-0.0037048644056641377,-0.06298269489629034,0.23529411764705882,-0.005533978336548815,-0.0020204934770813535
0.85,0.0005,2.0,12,17,-0.0037048644056641377,-0.06298269489629034,0.23529411764705882,-0.005171748812408595,-0.0018414295355010358
0.85,0.0005,2.5,4,17,-0.0037048644056641377,-0.06298269489629034,0.23529411764705882,-0.005351650629338883,-0.002072457073767474
0.85,0.0005,2.5,6,17,-0.0037048644056641377,-0.06298269489629034,0.23529411764705882,-0.00536537590663383,-0.0021267219730026973
0.85,0.0005,2.5,8,17,-0.0037048644056641377,-0.06298269489629034,0.23529411764705882,-0.00527053661067596,-0.002168099378805503
0.85,0.0005,2.5,12,17,-0.0037048644056641377,-0.06298269489629034,0.23529411764705882,-0.005157301559694076,-0.0021709640929477316
0.85,0.0005,3.0,4,17,-0.0037048644056641377,-0.06298269489629034,0.23529411764705882,-0.005608538284142876,-0.001974843691901175
0.85,0.0005,3.0,6,17,-0.0037048644056641377,-0.06298269489629034,0.23529411764705882,-0.005458043310299689,-0.0018628726740538132
0.85,0.0005,3.0,8,17,-0.0037048644056641377,-0.06298269489629034,0.23529411764705882,-0.005432776712886487,-0.0019923375092875807
0.85,0.0005,3.0,12,17,-0.0037048644056641377,-0.06298269489629034,0.23529411764705882,-0.005507936947113401,-0.0021299948509410295
0.85,0.001,1.5,4,17,-0.0037048644056641377,-0.06298269489629034,0.23529411764705882,-0.005166472859945864,-0.0019081031425874449
0.85,0.001,1.5,6,17,-0.0037048644056641377,-0.06298269489629034,0.23529411764705882,-0.0054546115459247905,-0.001964799650460113
0.85,0.001,1.5,8,17,-0.0037048644056641377,-0.06298269489629034,0.23529411764705882,-0.005628573718072802,-0.0020143573654273234
0.85,0.001,1.5,12,17,-0.0037048644056641377,-0.06298269489629034,0.23529411764705882,-0.005456275352566578,-0.001963682029934486
0.85,0.001,2.0,4,17,-0.0037048644056641377,-0.06298269489629034,0.23529411764705882,-0.00547622701560628,-0.0020979976132535715
0.85,0.001,2.0,6,17,-0.0037048644056641377,-0.06298269489629034,0.23529411764705882,-0.005514395808629607,-0.0018425546546300092
0.85,0.001,2.0,8,17,-0.0037048644056641377,-0.06298269489629034,0.23529411764705882,-0.005285269611260142,-0.0020482153170070135
0.85,0.001,2.0,12,17,-0.0037048644056641377,-0.06298269489629034,0.23529411764705882,-0.0055694349846559426,-0.0019436317182144963
0.85,0.001,2.5,4,17,-0.0037048644056641377,-0.06298269489629034,0.23529411764705882,-0.005607088023952877,-0.0021222036298884123
0.85,0.001,2.5,6,17,-0.0037048644056641377,-0.06298269489629034,0.23529411764705882,-0.005425267307681805,-0.0020790197939811344
0.85,0.001,2.5,8,17,-0.0037048644056641377,-0.06298269489629034,0.23529411764705882,-0.00534287664871524,-0.002124706937092312
0.85,0.001,2.5,12,17,-0.0037048644056641377,-0.06298269489629034,0.23529411764705882,-0.005588089984794087,-0.0018045124741670668
0.85,0.001,3.0,4,17,-0.0037048644056641377,-0.06298269489629034,0.23529411764705882,-0.005286658502661238,-0.0020020397230004483
0.85,0.001,3.0,6,17,-0.0037048644056641377,-0.06298269489629034,0.23529411764705882,-0.005286826149175976,-0.001956693104083693
0.85,0.001,3.0,8,17,-0.0037048644056641377,-0.06298269489629034,0.23529411764705882,-0.00508274368047287,-0.0017142104454726153
0.85,0.001,3.0,12,17,-0.0037048644056641377,-0.06298269489629034,0.23529411764705882,-0.005357998779208263,-0.0021760899092982083
0.85,0.0015,1.5,4,17,-0.0037048644056641377,-0.06298269489629034,0.23529411764705882,-0.005488678435733114,-0.0018333572030227558
0.85,0.0015,1.5,6,17,-0.0037048644056641377,-0.06298269489629034,0.23529411764705882,-0.005464069331146284,-0.0020459896839881285
0.85,0.0015,1.5,8,17,-0.0037048644056641377,-0.06298269489629034,0.23529411764705882,-0.005464214332599871,-0.0021190437648180996
0.85,0.0015,1.5,12,17,-0.0037048644056641377,-0.06298269489629034,0.23529411764705882,-0.005542157376612645,-0.0020327941282298587
0.85,0.0015,2.0,4,17,-0.0037048644056641377,-0.06298269489629034,0.23529411764705882,-0.005334717266560881,-0.0019310359892848045
0.85,0.0015,2.0,6,17,-0.0037048644056641377,-0.06298269489629034,0.23529411764705882,-0.005394109810012141,-0.0020637994642976683
0.85,0.0015,2.0,8,17,-0.0037048644056641377,-0.06298269489629034,0.23529411764705882,-0.00529339519637341,-0.0017597400957823936
0.85,0.0015,2.0,12,17,-0.0037048644056641377,-0.06298269489629034,0.23529411764705882,-0.005468298885491021,-0.0021233448031599284
0.85,0.0015,2.5,4,17,-0.0037048644056641377,-0.06298269489629034,0.23529411764705882,-0.005268203706761076,-0.0018559444641116447
0.85,0.0015,2.5,6,17,-0.0037048644056641377,-0.06298269489629034,0.23529411764705882,-0.0054827032812326025,-0.0019344771295744397
0.85,0.0015,2.5,8,17,-0.0037048644056641377,-0.06298269489629034,0.23529411764705882,-0.005279273828863693,-0.002165683594579276
0.85,0.0015,2.5,12,17,-0.0037048644056641377,-0.06298269489629034,0.23529411764705882,-0.0054292135116079596,-0.00219587771785128
0.85,0.0015,3.0,4,17,-0.0037048644056641377,-0.06298269489629034,0.23529411764705882,-0.005429887534742983,-0.002185760490426205
0.85,0.0015,3.0,6,17,-0.0037048644056641377,-0.06298269489629034,0.23529411764705882,-0.005467646389936543,-0.002180662416211125
0.85,0.0015,3.0,8,17,-0.0037048644056641377,-0.06298269489629034,0.23529411764705882,-0.0054019832740295854,-0.0020106797682348664
0.85,0.0015,3.0,12,17,-0.0037048644056641377,-0.06298269489629034,0.23529411764705882,-0.005602691186084857,-0.002148327008027612
0.85,0.002,1.5,4,17,-0.0037048644056641377,-0.06298269489629034,0.23529411764705882,-0.005375190585675866,-0.0017448739148518593
0.85,0.002,1.5,6,17,-0.0037048644056641377,-0.06298269489629034,0.23529411764705882,-0.005660951766591281,-0.0022684012860294724
0.85,0.002,1.5,8,17,-0.0037048644056641377,-0.06298269489629034,0.23529411764705882,-0.005356584743281282,-0.002084640505175317
0.85,0.002,1.5,12,17,-0.0037048644056641377,-0.06298269489629034,0.23529411764705882,-0.005520180560579849,-0.00206263610305452
0.85,0.002,2.0,4,17,-0.0037048644056641377,-0.06298269489629034,0.23529411764705882,-0.005613888332511458,-0.0019535036707713305
0.85,0.002,2.0,6,17,-0.0037048644056641377,-0.06298269489629034,0.23529411764705882,-0.005666732489487817,-0.0020710642949126916
0.85,0.002,2.0,8,17,-0.0037048644056641377,-0.06298269489629034,0.23529411764705882,-0.005409964526220683,-0.0017893184840792674
0.85,0.002,2.0,12,17,-0.0037048644056641377,-0.06298269489629034,0.23529411764705882,-0.0055882706930974885,-0.001979996657754187
0.85,0.002,2.5,4,17,-0.0037048644056641377,-0.06298269489629034,0.23529411764705882,-0.00559120013892795,-0.002118487449870344
0.85,0.002,2.5,6,17,-0.0037048644056641377,-0.06298269489629034,0.23529411764705882,-0.0053618494300816675,-0.002057096777085805
0.85,0.002,2.5,8,17,-0.0037048644056641377,-0.06298269489629034,0.23529411764705882,-0.005411892609332952,-0.0020507283967298225
0.85,0.002,2.5,12,17,-0.0037048644056641377,-0.06298269489629034,0.23529411764705882,-0.005432033754691797,-0.0020107547093330107
0.85,0.002,3.0,4,17,-0.0037048644056641377,-0.06298269489629034,0.23529411764705882,-0.005475989238469077,-0.0021362351572055
0.85,0.002,3.0,6,17,-0.0037048644056641377,-0.06298269489629034,0.23529411764705882,-0.005344336082940536,-0.001936991606898749
0.85,0.002,3.0,8,17,-0.0037048644056641377,-0.06298269489629034,0.23529411764705882,-0.005284039803633035,-0.002044225346928148
0.85,0.002,3.0,12,17,-0.0037048644056641377,-0.06298269489629034,0.23529411764705882,-0.0052602888989139365,-0.0019839414117463574
0.85,0.003,1.5,4,17,-0.0037048644056641377,-0.06298269489629034,0.23529411764705882,-0.00523778408810136,-0.0020864379305478246
0.85,0.003,1.5,6,17,-0.0037048644056641377,-0.06298269489629034,0.23529411764705882,-0.005439511914601066,-0.0018630647009000583
0.85,0.003,1.5,8,17,-0.0037048644056641377,-0.06298269489629034,0.23529411764705882,-0.0052815541285091226,-0.0019834840909398045
0.85,0.003,1.5,12,17,-0.0037048644056641377,-0.06298269489629034,0.23529411764705882,-0.005455468820455966,-0.0018295570148728416
0.85,0.003,2.0,4,17,-0.0037048644056641377,-0.06298269489629034,0.23529411764705882,-0.005462753724909607,-0.0018049600799047616
0.85,0.003,2.0,6,17,-0.0037048644056641377,-0.06298269489629034,0.23529411764705882,-0.005454735182279527,-0.0021832594669182045
0.85,0.003,2.0,8,17,-0.0037048644056641377,-0.06298269489629034,0.23529411764705882,-0.005493689279592743,-0.002274103031748017
0.85,0.003,2.0,12,17,-0.0037048644056641377,-0.06298269489629034,0.23529411764705882,-0.005385125749988804,-0.001957411408225128
0.85,0.003,2.5,4,17,-0.0037048644056641377,-0.06298269489629034,0.23529411764705882,-0.005347696327984576,-0.002019978046599349
0.85,0.003,2.5,6,17,-0.0037048644056641377,-0.06298269489629034,0.23529411764705882,-0.005315649381560608,-0.002250357143714553
0.85,0.003,2.5,8,17,-0.0037048644056641377,-0.06298269489629034,0.23529411764705882,-0.005431678248224568,-0.001899343912595917
0.85,0.003,2.5,12,17,-0.0037048644056641377,-0.06298269489629034,0.23529411764705882,-0.00530506274637758,-0.002222761410098792
0.85,0.003,3.0,4,17,-0.0037048644056641377,-0.06298269489629034,0.23529411764705882,-0.00518520980292382,-0.0017781139404215664
0.85,0.003,3.0,6,17,-0.0037048644056641377,-0.06298269489629034,0.23529411764705882,-0.005317458126062872,-0.002126340608221663
0.85,0.003,3.0,8,17,-0.0037048644056641377,-0.06298269489629034,0.23529411764705882,-0.00542476216877562,-0.001990255972850376
0.85,0.003,3.0,12,17,-0.0037048644056641377,-0.06298269489629034,0.23529411764705882,-0.005541564231429908,-0.002138770145314927
0.9,0.0005,1.5,4,17,-0.0037048644056641377,-0.06298269489629034,0.23529411764705882,-0.005476862456786497,-0.0019659947753508317
0.9,0.0005,1.5,6,17,-0.0037048644056641377,-0.06298269489629034,0.23529411764705882,-0.005468789035708452,-0.0020502729482468115
0.9,0.0005,1.5,8,17,-0.0037048644056641377,-0.06298269489629034,0.23529411764705882,-0.005262583050174978,-0.0018766496946523183
0.9,0.0005,1.5,12,17,-0.0037048644056641377,-0.06298269489629034,0.23529411764705882,-0.0054380206892265005,-0.0018672108201486046
0.9,0.0005,2.0,4,17,-0.0037048644056641377,-0.06298269489629034,0.23529411764705882,-0.005360431250827883,-0.0020697152972724165
0.9,0.0005,2.0,6,17,-0.0037048644056641377,-0.06298269489629034,0.23529411764705882,-0.005564570838453424,-0.002098021264857322
0.9,0.0005,2.0,8,17,-0.0037048644056641377,-0.06298269489629034,0.23529411764705882,-0.005233982221317357,-0.0020583813761999165
0.9,0.0005,2.0,12,17,-0.0037048644056641377,-0.06298269489629034,0.23529411764705882,-0.005312284017794165,-0.002042763242534084
0.9,0.0005,2.5,4,17,-0.0037048644056641377,-0.06298269489629034,0.23529411764705882,-0.005236866897118608,-0.001984808766827267
0.9,0.0005,2.5,6,17,-0.0037048644056641377,-0.06298269489629034,0.23529411764705882,-0.005202483013090158,-0.0019034223368080104
0.9,0.0005,2.5,8,17,-0.0037048644056641377,-0.06298269489629034,0.23529411764705882,-0.005478912638325796,-0.001762904168151387
0.9,0.0005,2.5,12,17,-0.0037048644056641377,-0.06298269489629034,0.23529411764705882,-0.005366010522772235,-0.0021697212031180856
0.9,0.0005,3.0,4,17,-0.0037048644056641377,-0.06298269489629034,0.23529411764705882,-0.00522727597289316,-0.002069988797793014
0.9,0.0005,3.0,6,17,-0.0037048644056641377,-0.06298269489629034,0.23529411764705882,-0.005503276989482622,-0.0022582233162397602
0.9,0.0005,3.0,8,17,-0.0037048644056641377,-0.06298269489629034,0.23529411764705882,-0.005432179375782903,-0.0020124972085644095
0.9,0.0005,3.0,12,17,-0.0037048644056641377,-0.06298269489629034,0.23529411764705882,-0.005451393599590908,-0.0018608762380908197
0.9,0.001,1.5,4,17,-0.0037048644056641377,-0.06298269489629034,0.23529411764705882,-0.005524888210113845,-0.0019141985862329064
0.9,0.001,1.5,6,17,-0.0037048644056641377,-0.06298269489629034,0.23529411764705882,-0.005254272530040821,-0.002095397698793434
0.9,0.001,1.5,8,17,-0.0037048644056641377,-0.06298269489629034,0.23529411764705882,-0.005747098192755917,-0.0021701548756178917
0.9,0.001,1.5,12,17,-0.0037048644056641377,-0.06298269489629034,0.23529411764705882,-0.005374939521278322,-0.0017334935362031867
0.9,0.001,2.0,4,17,-0.0037048644056641377,-0.06298269489629034,0.23529411764705882,-0.005557551772948397,-0.001935040761419322
0.9,0.001,2.0,6,17,-0.0037048644056641377,-0.06298269489629034,0.23529411764705882,-0.005323641315750558,-0.0022233387516428344
0.9,0.001,2.0,8,17,-0.0037048644056641377,-0.06298269489629034,0.23529411764705882,-0.00527951340002883,-0.001987645916083384
0.9,0.001,2.0,12,17,-0.0037048644056641377,-0.06298269489629034,0.23529411764705882,-0.0052632994469754765,-0.0019456811066367273
0.9,0.001,2.5,4,17,-0.0037048644056641377,-0.06298269489629034,0.23529411764705882,-0.005339043550181453,-0.0018982126207600812
0.9,0.001,2.5,6,17,-0.0037048644056641377,-0.06298269489629034,0.23529411764705882,-0.005600331904972538,-0.0018470708149874839
0.9,0.001,2.5,8,17,-0.0037048644056641377,-0.06298269489629034,0.23529411764705882,-0.005405934378744843,-0.001996614777579872
0.9,0.001,2.5,12,17,-0.0037048644056641377,-0.06298269489629034,0.23529411764705882,-0.005398859972358965,-0.0018980073803485818
0.9,0.001,3.0,4,17,-0.0037048644056641377,-0.06298269489629034,0.23529411764705882,-0.0053173426503069126,-0.0018870590011729454
0.9,0.001,3.0,6,17,-0.0037048644056641377,-0.06298269489629034,0.23529411764705882,-0.005203606166246939,-0.0021081939733585404
0.9,0.001,3.0,8,17,-0.0037048644056641377,-0.06298269489629034,0.23529411764705882,-0.005387200612719986,-0.0019331523882212018
0.9,0.001,3.0,12,17,-0.0037048644056641377,-0.06298269489629034,0.23529411764705882,-0.005478095541854151,-0.001954293945144197
0.9,0.0015,1.5,4,17,-0.0037048644056641377,-0.06298269489629034,0.23529411764705882,-0.005194073186767382,-0.00204321769738861
0.9,0.0015,1.5,6,17,-0.0037048644056641377,-0.06298269489629034,0.23529411764705882,-0.005483400566575642,-0.0018235038391713108
0.9,0.0015,1.5,8,17,-0.0037048644056641377,-0.06298269489629034,0.23529411764705882,-0.005524397152368538,-0.0019679083071139063
0.9,0.0015,1.5,12,17,-0.0037048644056641377,-0.06298269489629034,0.23529411764705882,-0.005260765219150944,-0.0020401994905624877
0.9,0.0015,2.0,4,17,-0.0037048644056641377,-0.06298269489629034,0.23529411764705882,-0.005295267129127533,-0.0018528491233526585
0.9,0.0015,2.0,6,17,-0.0037048644056641377,-0.06298269489629034,0.23529411764705882,-0.0053993177920030645,-0.0020754103486776915
0.9,0.0015,2.0,8,17,-0.0037048644056641377,-0.06298269489629034,0.23529411764705882,-0.005268725231122741,-0.0018913502307508455
0.9,0.0015,2.0,12,17,-0.0037048644056641377,-0.06298269489629034,0.23529411764705882,-0.005428189948254591,-0.0021311920524182165
0.9,0.0015,2.5,4,17,-0.0037048644056641377,-0.06298269489629034,0.23529411764705882,-0.005472456696201281,-0.001959106373091492
0.9,0.0015,2.5,6,17,-0.0037048644056641377,-0.06298269489629034,0.23529411764705882,-0.005646894391961246,-0.0020516297651778227
0.9,0.0015,2.5,8,17,-0.0037048644056641377,-0.06298269489629034,0.23529411764705882,-0.005378700793686222,-0.0018669926349361376
0.9,0.0015,2.5,12,17,-0.0037048644056641377,-0.06298269489629034,0.23529411764705882,-0.005503428799353203,-0.0018340132786539881
0.9,0.0015,3.0,4,17,-0.0037048644056641377,-0.06298269489629034,0.23529411764705882,-0.005524474427442734,-0.002090206088146394
0.9,0.0015,3.0,6,17,-0.0037048644056641377,-0.06298269489629034,0.23529411764705882,-0.005586747238739311,-0.0020331147902832203
0.9,0.0015,3.0,8,17,-0.0037048644056641377,-0.06298269489629034,0.23529411764705882,-0.005574043370086452,-0.001980445017502114
0.9,0.0015,3.0,12,17,-0.0037048644056641377,-0.06298269489629034,0.23529411764705882,-0.005429105109955623,-0.0021254022470493217
0.9,0.002,1.5,4,17,-0.0037048644056641377,-0.06298269489629034,0.23529411764705882,-0.005534137984270315,-0.0021114628919527054
0.9,0.002,1.5,6,17,-0.0037048644056641377,-0.06298269489629034,0.23529411764705882,-0.005342665387810564,-0.00197547635151489
0.9,0.002,1.5,8,17,-0.0037048644056641377,-0.06298269489629034,0.23529411764705882,-0.005289981124682821,-0.0019509715020225873
0.9,0.002,1.5,12,17,-0.0037048644056641377,-0.06298269489629034,0.23529411764705882,-0.005592482082128299,-0.0021007919290204936
0.9,0.002,2.0,4,17,-0.0037048644056641377,-0.06298269489629034,0.23529411764705882,-0.005438851532499282,-0.0021979554125486256
0.9,0.002,2.0,6,17,-0.0037048644056641377,-0.06298269489629034,0.23529411764705882,-0.005469214121580707,-0.001997245469500042
0.9,0.002,2.0,8,17,-0.0037048644056641377,-0.06298269489629034,0.23529411764705882,-0.005230377261607471,-0.0019431027974433264
0.9,0.002,2.0,12,17,-0.0037048644056641377,-0.06298269489629034,0.23529411764705882,-0.005385410308764886,-0.002117815763902317
0.9,0.002,2.5,4,17,-0.0037048644056641377,-0.06298269489629034,0.23529411764705882,-0.005324033264578378,-0.002085188370680706
0.9,0.002,2.5,6,17,-0.0037048644056641377,-0.06298269489629034,0.23529411764705882,-0.005270613281205894,-0.0020375845211127192
0.9,0.002,2.5,8,17,-0.0037048644056641377,-0.06298269489629034,0.23529411764705882,-0.005506643846794434,-0.0020005720425532187
0.9,0.002,2.5,12,17,-0.0037048644056641377,-0.06298269489629034,0.23529411764705882,-0.0054503666244238805,-0.0021904123896095266
0.9,0.002,3.0,4,17,-0.0037048644056641377,-0.06298269489629034,0.23529411764705882,-0.005662167056819427,-0.002079186184728345
0.9,0.002,3.0,6,17,-0.0037048644056641377,-0.06298269489629034,0.23529411764705882,-0.00577627608591674,-0.0020305731855366623
0.9,0.002,3.0,8,17,-0.0037048644056641377,-0.06298269489629034,0.23529411764705882,-0.005489258284988528,-0.001882467142675864
0.9,0.002,3.0,12,17,-0.0037048644056641377,-0.06298269489629034,0.23529411764705882,-0.0051991319915728985,-0.0020512358079477037
0.9,0.003,1.5,4,17,-0.0037048644056641377,-0.06298269489629034,0.23529411764705882,-0.005471181551038676,-0.002235321310284807
0.9,0.003,1.5,6,17,-0.0037048644056641377,-0.06298269489629034,0.23529411764705882,-0.005458826302714188,-0.0020268132358526106
0.9,0.003,1.5,8,17,-0.0037048644056641377,-0.06298269489629034,0.23529411764705882,-0.00560673509181202,-0.001944664536056544
0.9,0.003,1.5,12,17,-0.0037048644056641377,-0.06298269489629034,0.23529411764705882,-0.005343740281483359,-0.0018441664981193814
0.9,0.003,2.0,4,17,-0.0037048644056641377,-0.06298269489629034,0.23529411764705882,-0.005452610819035738,-0.001994398364338306
0.9,0.003,2.0,6,17,-0.0037048644056641377,-0.06298269489629034,0.23529411764705882,-0.005570301441587406,-0.0019464557007975924
0.9,0.003,2.0,8,17,-0.0037048644056641377,-0.06298269489629034,0.23529411764705882,-0.005357306142783821,-0.0019729728394189774
0.9,0.003,2.0,12,17,-0.0037048644056641377,-0.06298269489629034,0.23529411764705882,-0.0055109215935315896,-0.0020641720457153533
0.9,0.003,2.5,4,17,-0.0037048644056641377,-0.06298269489629034,0.23529411764705882,-0.005285953646164728,-0.0020650587232130006
0.9,0.003,2.5,6,17,-0.0037048644056641377,-0.06298269489629034,0.23529411764705882,-0.005333244500188203,-0.0020254816883022563
0.9,0.003,2.5,8,17,-0.0037048644056641377,-0.06298269489629034,0.23529411764705882,-0.005367971218161729,-0.0021139450029913093
0.9,0.003,2.5,12,17,-0.0037048644056641377,-0.06298269489629034,0.23529411764705882,-0.005284182801258724,-0.0020534711248028307
0.9,0.003,3.0,4,17,-0.0037048644056641377,-0.06298269489629034,0.23529411764705882,-0.005400505042081494,-0.001998437186656976
0.9,0.003,3.0,6,17,-0.0037048644056641377,-0.06298269489629034,0.23529411764705882,-0.0053137736768472275,-0.001747695963215703
0.9,0.003,3.0,8,17,-0.0037048644056641377,-0.06298269489629034,0.23529411764705882,-0.0054209121336767346,-0.002034209505952369
0.9,0.003,3.0,12,17,-0.0037048644056641377,-0.06298269489629034,0.23529411764705882,-0.005425131594892686,-0.0018311897437625255
